,cellid,callout0,callout1,callout2,callout3,callout4,callout5,callout6,callout7,callout8,callout9,callout10,callout11,callout12,callout13,callout14,callout15,callout16,callout17,callout18,callout19,callout20,callout21,callout22,callout23,hwf
0,4379,1.01238821402678E-05,9.69500424392061E-05,0.0,0.0,4.72678381369396E-06,0.00015229623695423900,0.0005835640161152290,0.0028424810716898500,0.007762853008331190,0.010743683205307100,0.012366326396813200,0.01093600343141380,0.008255062751914430,0.009372991673564570,0.009111126873216000,0.009998602296679010,0.009711109431949130,0.011318328531973800,0.008949488642669540,0.005030555537880740,0.0057535212268571800,0.0029064789885067000,0.0014784498726761200,0.0005996326786818950,1
1,4380,0.00015705076683386500,5.70291677814957E-05,0.0,9.14147981857071E-06,0.0,0.0002372710622835160,0.000977824333065344,0.006364536389104630,0.01494736531735030,0.017961805912995900,0.018580563977735500,0.01753564757738380,0.014908334277108500,0.01251736495527730,0.014511858900105800,0.017283756859124300,0.016387572310044200,0.019476858887606600,0.015358356162816500,0.01130097134999490,0.008684633042040450,0.005552767041889200,0.0024985620365668400,0.0006748002071553380,0
2,4381,0.00029382426642293300,3.96519031906801E-05,2.27862476962689E-05,1.70924799445252E-05,0.0,0.00028198308201921800,0.0006053757600283580,0.006603040654598090,0.011844238263453600,0.011647238497266000,0.010896843100241700,0.014921963882523300,0.010361894613148100,0.006792049348948600,0.010486121702643800,0.010328570281390100,0.010004311636464700,0.01263544972818440,0.01044689955772230,0.005458849359227050,0.004089089635040750,0.0032677377359130600,0.0013874263272412900,0.00020129631187410600,1
3,4382,0.0005248572009177970,0.0004970563479860130,0.00024522674886261700,0.0002519264838089230,0.0,0.0005380629014393560,0.0017707994960132200,0.013802681434171300,0.034851893336381600,0.039945309592115300,0.02661955389346000,0.03795083292333770,0.033080510649328600,0.030404347134909400,0.031527397952653600,0.034587387022439300,0.03696093467302050,0.05201591944072060,0.03864229775203980,0.02450074540440300,0.022785652386907900,0.009293628877363570,0.009220041865542640,0.002008033942726390,1
4,4383,0.0005936001415064700,0.0005368869476967650,0.00027318359074117400,0.0003079796107829200,0.0,0.0004415876966448430,0.0018303130132401400,0.014266850984961100,0.03695334750002620,0.04429207432682730,0.0311207748922225,0.04189836789091310,0.03582900240107910,0.0318182343692594,0.03376281101962930,0.03621078449912730,0.03763119134070500,0.0531659297284386,0.03892066379168060,0.024179998605797500,0.022624906806146300,0.010502706952383100,0.009822161099797220,0.0020997288202519900,1
5,4384,0.0005260069367182320,0.0013194762758267800,0.0006386544677854880,0.000509312548351369,0.0007940519891670930,0.0025564070430570400,0.0017003194324007400,0.010032363092785200,0.022993234969939000,0.027790140948910300,0.02446218618148500,0.029288343192879100,0.026386566794008900,0.022320157794471200,0.024209522300788100,0.026493710853955100,0.029025519881217700,0.035825894843654900,0.027049828533835200,0.01873807027666760,0.015024845731612900,0.006849416715143330,0.005536017240395490,0.0014817502287275000,1
6,4385,0.00022535734605194200,0.00115719894224822,0.0004611942608290840,0.0005101725050823830,0.0008294914519460620,0.002362952722532820,0.0012558500794100400,0.007016423460083740,0.015563520553730200,0.019686981460182000,0.01752738348057980,0.023673188815307800,0.02163461745699130,0.018488931025180800,0.016436658472184800,0.022580243005309300,0.02381839632690700,0.028463219384448500,0.02153462527981250,0.015061408910202000,0.01194710480535940,0.004887184151160810,0.003954280083658030,0.0015106820680647100,1
7,4386,3.45936360527622E-05,7.59433670040193E-05,2.56354658550166E-07,7.5011093319715E-05,0.00026079829800370700,0.00017522818507317500,0.0004964078439247230,0.0030426655552533200,0.009235318584514610,0.01024733493505920,0.007886206241495010,0.012522508736115000,0.010080107845861600,0.008301457358485080,0.006488413947071080,0.011916751978782500,0.012316188854185800,0.01463601085485530,0.011561372302851300,0.006938138239640970,0.005053217922945510,0.0026408467972146900,0.001615113970736660,0.0006384947610326340,1
8,4387,1.3422523262215E-06,4.64563044176323E-05,0.0,0.0,0.0005611156498873620,0.0,0.000609135534457248,0.0025330578522262500,0.011670640804368700,0.01044529628392680,0.007146251769006920,0.012786987575323100,0.007923821256103210,0.005650780220086110,0.004428406780232640,0.012637512065020400,0.013298381071102000,0.013873513265260000,0.01285637992968680,0.006375275792097210,0.0025949745688927300,0.0030433094414952200,0.0006688436917287700,1.60470214193487E-05,1
9,4388,2.16519692453526E-06,7.97476304961788E-05,0.0,0.0,4.35468442919643E-05,7.4638018471331E-06,0.0005174182143286270,0.0022399941029295400,0.005852448375677870,0.005220965483872760,0.007769411229085530,0.00595236281912648,0.005616256502456410,0.003950639227310130,0.0069173974098370200,0.0051776360078760300,0.006335999837449490,0.007701016526055860,0.006078183140399800,0.0037145271824289500,0.003337300261367480,0.001027917688877480,0.0007963929115195840,0.00040061933031409000,1
10,4496,0.001988612513342730,0.0020598659042601700,0.0002758096787649280,1.56934949224175E-06,0.0,0.0004924495240639480,0.0014400239511011400,0.00536370741274578,0.025412048731799900,0.030181270036437900,0.03698167484720490,0.03246293013385100,0.027493536213276600,0.025213368577604800,0.022049572058396300,0.030967570015102400,0.030659294661482100,0.029778701872993900,0.026086305776261400,0.015301297249482700,0.011068838046128800,0.007207776093717880,0.003683834180036140,0.0024876087152752700,1
11,4497,1.80433077040517E-06,8.113122703318E-05,0.0,8.93102628462299E-06,0.0,4.90530018283944E-05,0.0013395125757421300,0.013554881759909100,0.02997195960361830,0.026509468645482900,0.02419135837138110,0.025792232739861500,0.019132726489780400,0.018009429286276200,0.023169892416038900,0.02640640013542050,0.025301751077096800,0.030519595410784300,0.021901160842641000,0.013423994593384900,0.014199548489362500,0.009555626795811860,0.0033270449146741700,0.00179107331257803,1
12,4498,3.75785289519243E-05,3.63342861372659E-05,1.87892644759622E-05,1.75450216613038E-05,0.0,3.50900433226076E-05,0.0018169049341908400,0.014913911029994000,0.03384306067652980,0.02983559384959260,0.024517244624141600,0.026790633799759800,0.021226003147721000,0.019722617333136500,0.02783042166971350,0.027558090171977400,0.02540205059634400,0.03724968224546050,0.025536146694432,0.014000871590983500,0.01754263648878040,0.010596671391450700,0.003769059180488270,0.0006102363199130180,1
13,4499,0.0005166322290199980,0.00037056419298892900,0.00020263014487445100,0.00018509020221164600,0.0,0.0008909329691225440,0.0017902697897000000,0.014017850803006300,0.03565012501315130,0.041130177972678900,0.02967938654176550,0.037877168870756700,0.03134826717027180,0.02993897992155870,0.03253673313611680,0.032113035121359900,0.03626779587163420,0.048985779082927500,0.038204664284045700,0.02355083152863100,0.022199401479092500,0.010575262844594600,0.008003999501390880,0.001682570360154450,0
14,4500,0.0017055902373598200,0.00047636466659272400,0.0007298486735911240,0.0005868663900107930,0.0003710407439957020,0.00022181203337024400,0.0035233627650238200,0.02267564439273190,0.05318281386257840,0.0769913082275356,0.07607371141181370,0.07906596170534630,0.06437261424245770,0.05426624622126790,0.0619048145648618,0.06232891517347960,0.07652083403008420,0.0891930034772664,0.07149324551096120,0.050134281321916400,0.03884768746262360,0.02098107790949300,0.017890571852546900,0.005643503920894100,1
15,4501,0.0005683952997385170,0.001508523130809920,0.0007672549480765770,0.0006336647399852850,0.0011116828074032100,0.0028670774638289100,0.0026003274562122900,0.009761660201597920,0.021439392126466100,0.02994414635199270,0.031124941070723500,0.03086571986903110,0.0276934770432233,0.02232218383742640,0.026706372485029900,0.028532350661777100,0.031185170058920500,0.034326807512218,0.027967311221062400,0.0216524117198575,0.014753536342649100,0.008016889852757310,0.0048334016999878400,0.0021324981975846200,2
16,4502,0.00029630735119829200,0.0005328707103725610,0.00018977244820576600,0.0001496218204629900,0.0001774851477990750,0.0006299070252732570,0.0014293958435125100,0.00731808558036487,0.016955969995620700,0.01970353430490410,0.015521263279142100,0.01968656972517960,0.01616745476013130,0.015103571971975000,0.0167984027814185,0.01798838844137800,0.01889105867637450,0.02488255824539420,0.02017846952909760,0.011936110026962100,0.010462096082935800,0.005568635401593820,0.004091448724856460,0.000995999669434854,2
17,4503,0.0005250767082356290,0.0012811013595611500,0.0005955954864609510,0.00042578914452955,0.0009007456967282990,0.0024139244423223200,0.0014052884674529700,0.006946185653317290,0.01910390589168440,0.02328225111116520,0.017716628633297000,0.021657424579175700,0.017157913768194200,0.0162536579503799,0.01821703301811420,0.020001933933813000,0.022561177324855800,0.028003419154410300,0.021587996310602200,0.013014546026011400,0.011489208584344800,0.005789418924783020,0.004193234051891280,0.0009376641059547130,2
18,4504,0.00011830944241618500,1.40013605601739E-05,4.54257961489475E-07,4.54257961489475E-07,0.0002104221839589510,0.00011688960456418700,0.0003279449563613000,0.0011634126426832500,0.005146120634871880,0.005791326967051250,0.00498775992097006,0.00629841921227826,0.004144808488200570,0.003011671010570050,0.0037333208896106000,0.005069410163206630,0.00670970174452151,0.007052146994238920,0.005306964511804650,0.003095089903883500,0.0024518201995281000,0.0013836470347371500,0.00045357592392266100,0.0003487127595898440,2
19,4505,7.8729113065314E-07,8.60040565174958E-05,1.34251566928646E-05,1.34251566928646E-05,1.34251566928646E-05,0.00011862528381133400,0.0005519954137100090,0.0022520318654853000,0.00586219967018074,0.005231044425116150,0.007487081056819020,0.005767171937589570,0.005337729713598160,0.004006737584983360,0.0071503329671871600,0.005064103699445000,0.005972598777265950,0.007200949335024000,0.005886459340410420,0.003832303937402170,0.003374467822957670,0.0010015468542014400,0.0008166300233626960,0.0004280777605058780,2
20,4613,0.0035485802924348600,0.0032818708244363400,0.0007638054731264140,1.26867657001746E-05,0.0,0.0007491682562266050,0.0028193389748647800,0.013915664505799700,0.058906324090415800,0.06589299347914250,0.07100087937394890,0.06706598274124950,0.06192405279842450,0.04927424449287820,0.05408054819445760,0.06064786966976380,0.07066140811430690,0.0691675429090156,0.05384374282751030,0.03939009992865170,0.023061599105794300,0.01589488636711460,0.00805778446455689,0.0051184134789568000,2
21,4614,0.0002407023346913070,0.00029744132171483400,0.00011474704245897100,3.13562030341238E-05,1.35462435672273E-05,0.0001638662352192380,0.001306798681682390,0.010340462200724500,0.024504181304818400,0.02765438749731460,0.027017632350209800,0.027357908338970000,0.021964360147365700,0.020049287805869200,0.022086453462294400,0.027450907921259200,0.02816717203074500,0.02951405503207880,0.022842274048880900,0.01648869728516570,0.013616999217560400,0.008998327981929770,0.0038171688550371500,0.0023036206962438100,2
22,4615,2.86946390291089E-05,0.00012740532202688600,6.82904228988074E-05,0.00017320181059210700,0.00015435885405350100,0.00010328211738563200,0.0015697212993417600,0.011274256698589300,0.02939407407450850,0.02886900132783920,0.026560246107980400,0.031785739607796000,0.02424810507970430,0.020496462563361200,0.02817246752315250,0.02650595649357390,0.031058971660334200,0.032797496386314500,0.022602755282160600,0.019073846580276700,0.014867778511862200,0.009911524504231870,0.003914500402358960,0.0012779468367477900,0
23,4616,0.0002340483950139900,1.13937718345768E-05,7.79092343348336E-05,8.46040399548806E-05,6.82904228941367E-05,0.0011127078020589600,0.0009347421013105830,0.009464344833054550,0.028159021095041300,0.0329062204133736,0.034708200198778600,0.03640557832645970,0.02740105504554690,0.023752063515657600,0.03261586612648080,0.023131857621760800,0.03648607719919850,0.03467113591307060,0.02749992782579050,0.01986952954526490,0.01604982758456380,0.009024051922826580,0.004151768863206620,0.002190125126618280,0
24,4617,0.0024419942162852400,0.00837815712885618,0.00379497633513277,0.0022695272184696600,0.005008047399573640,0.015009051451767400,0.004542376069473720,0.020996606583340300,0.04237897590699720,0.060611664948466000,0.06625389829037580,0.06869730183861400,0.060215317984326200,0.04619103987479620,0.05419723509172800,0.0591724378545751,0.06828788143381100,0.07120050706986760,0.057774667206987200,0.043731590359881100,0.02854389068875620,0.016081731955556900,0.00994672358306989,0.004357909747190970,1
25,4618,0.0012800939954858900,0.002084608904645240,0.0008314519317408700,0.00033793131851572700,0.0008934318717301870,0.0038264371359748300,0.00468945389372794,0.014180593419198700,0.03424555579144800,0.05940824168138180,0.0581378934469343,0.05530250103643650,0.0492817587229965,0.03856686328540590,0.044787933558664200,0.044292611649987300,0.04956520037467470,0.05527766650714490,0.05274692754269110,0.03825991474786120,0.027226914849590800,0.016375623719595200,0.00941692163938102,0.004159088989812080,1
26,4619,0.0013856916475743100,0.0005073589352337480,9.50572045636107E-05,3.35610586041681E-05,0.0001981017256607920,0.0004403880767382180,0.003113842385077360,0.013339207042667400,0.03514655704718830,0.058452767451283600,0.059605358917809900,0.05997065497227820,0.04731481755917660,0.03856873337360080,0.044445220890266100,0.044789922436477300,0.05251606370463660,0.05864409330491450,0.056028186636442600,0.03742487723319520,0.03106955059980440,0.019915221484690800,0.012895507072144100,0.004433749531627610,2
27,4620,0.0007563111099745970,0.0007920898748478770,0.0002692012447577410,0.00010360918655721900,0.00038630865028330900,0.0011426930620183800,0.0014446986731666300,0.007780682500811720,0.0240620074695339,0.02995641325605900,0.027200082672871000,0.02778504634347470,0.024796027988071800,0.02036482510791370,0.023355030572535300,0.024434666096987700,0.029597841878898100,0.03571948671214980,0.02737975272061380,0.017724858433841200,0.014230432049991800,0.007587163529665770,0.005971316896124070,0.00239880599052753,2
28,4621,0.00024811270828731600,6.35668878571392E-06,6.35668878571392E-06,6.35668878571392E-06,0.00023538697341671800,6.94294751813347E-05,0.0005522978615003890,0.0013039362905448400,0.00496034333720837,0.007247446891894480,0.008389052897732180,0.006817580618184480,0.0041589468171006200,0.004067489437622520,0.00647460646282829,0.003971828355215890,0.008787073117556190,0.009841300843557720,0.005386128110477810,0.003810419536010990,0.003844610399791540,0.0014552729327793600,0.0010121444783395100,0.001025480034077950,2
29,4622,1.56774239827274E-05,4.58452567154594E-05,4.49378518804371E-05,4.49378518804371E-05,5.56471187854197E-05,0.0003405270939619650,0.0006447087082654970,0.002048814705539260,0.006012469261729040,0.007017242279643020,0.007152153450925520,0.0073989577564142,0.0057095613176915200,0.005317146515987460,0.006939435808994590,0.006021794887309390,0.007063562310131680,0.0073501231761464500,0.006312663860467330,0.004363809385047190,0.0032024035912450900,0.0015414585399911500,0.0011822415103755400,0.0007416587623985570,2
30,4730,0.0025726318090768200,0.0023869151429180200,0.00032056344606227600,2.85122303825809E-06,1.57559460462331E-06,0.0003556862706319740,0.0018717714028522200,0.008584989928715890,0.03277402145258440,0.03482749112067020,0.03973697431567460,0.03767251984642080,0.03712666395367580,0.027897105063968300,0.03200673134524830,0.040064148426349600,0.0433684334678711,0.0418915618941274,0.03376178511642640,0.02509046459096310,0.016652436364453900,0.009973596213853240,0.004826218911741980,0.003585316996849350,2
31,4731,0.0003962072900418590,0.00033849237353420100,0.00012869525466705500,3.17819554997877E-05,2.61258407466469E-05,0.00023147763129681100,0.0017516975535941000,0.009341984925404900,0.023283379931307000,0.03541815858118480,0.03309055261191760,0.03763980461210610,0.03642483694354090,0.0285007350305037,0.02995679146722750,0.03719443711078930,0.04451640808966680,0.04104715944103870,0.030301480267053800,0.03274681932933290,0.01914726375497810,0.010827488756265300,0.0054172296975404300,0.0022995438371744500,1
32,4732,3.08771694539052E-05,0.00021068574270972900,9.34759484133828E-05,0.0002034557675627800,0.00022003826098380500,0.0003637372401019060,0.0008346903502877000,0.009046067998672750,0.028513148466676500,0.03411200069317350,0.030160372259466800,0.04285912065835540,0.029399688730417000,0.024525849322305700,0.03145435606575530,0.0285025278101515,0.042393556345968200,0.03743580379542200,0.025792921136650600,0.027188276389585200,0.015398675583939000,0.009562050400435470,0.004689682873107480,0.0007472966486789480,0
33,4733,0.00024761406164049700,0.0007373880835405020,0.0002203499365923310,0.00018019636433337600,0.00037642813374977600,0.0013078540823669300,0.001013386163220560,0.007962602619726480,0.024018583420357700,0.026487466004832000,0.03465634166655940,0.03532299432053490,0.029653683549798100,0.02550916926838060,0.0340295957997503,0.02540924352488250,0.03661417372599880,0.03427029537533350,0.026078904551426400,0.01926590229289330,0.013080565685010100,0.007088615489332340,0.004295016261078270,0.002398925327968640,0
34,4734,0.0013167688060151400,0.005515190957794820,0.0024873096889246900,0.001491008906426120,0.0036933842803744500,0.011045892607382500,0.0027409948702967000,0.014710842120960500,0.026676997863974100,0.03566380940518640,0.04596393147296200,0.04352272948854460,0.03998291754199580,0.032569325978146300,0.03642379760256460,0.037967298455728600,0.045368238361930000,0.047252288196548200,0.04044628365665600,0.03037916289696160,0.019947139283594200,0.010560117021023500,0.004434899447249540,0.0028088330845679900,1
35,4735,0.0010639180721927500,0.00017243335243360300,0.0,8.90871765720601E-07,0.00029826809689771900,0.0020379673044812000,0.0018933992094570200,0.011229219457818200,0.026815159868599100,0.043154148450670400,0.040088198883717400,0.038363808971832200,0.03271297716060530,0.03248691867901590,0.03238013379006430,0.030322602839336200,0.038876242990647700,0.04547407703745110,0.04339528835071820,0.031353236509080900,0.021688459087528500,0.014402030476281200,0.0068416350186431500,0.0030572291425859000,1
36,4736,0.0011269036960451300,0.00016084383198253100,1.84595200876587E-05,1.03762833377249E-05,0.0003953533243326830,0.0006338476805380320,0.0016412268733221600,0.010617107921648400,0.02619593204811080,0.04399817934856500,0.04077507313623320,0.04033861810576870,0.041211014554574800,0.028844666799045600,0.03223579474948030,0.03099971839012660,0.03578376501987630,0.04288440254216,0.03506558480005920,0.029391084257493300,0.016970803288916300,0.011581706059300000,0.005970886105958330,0.002591425220856240,2
37,4737,0.001360888627050260,0.0009888325053913940,0.00017715138021046700,6.56810601680256E-05,0.00031144342725291300,0.00094756264513875,0.0012213204944603400,0.01073447476864580,0.04248096278531680,0.05216754285391630,0.05784461685835120,0.05518072755329250,0.05009320094655150,0.03850626706046930,0.04342781018174860,0.04655796161168330,0.05511800895422310,0.06313313351652490,0.04921707207424490,0.03699342427411340,0.021523447293856700,0.015807591535168100,0.008872814097998630,0.005961672707152710,2
38,4738,0.0004412665341580940,0.0007570369763628860,0.00037152786484975200,8.08245760138634E-06,0.0003536995207524300,0.00108305159074933,0.0014353206119386800,0.005712880025801710,0.014636003530392500,0.02135805799683950,0.023527932223205100,0.02032314337550050,0.018618275101735700,0.0140732989842781,0.019157514968407600,0.016674437727721400,0.02184955835459310,0.022362911735467200,0.019708598810170800,0.013846544076352500,0.007313257182523430,0.003966629531556610,0.0032612407294593700,0.0012107023229511900,2
39,4739,0.00010185129641093000,6.24097415211711E-05,0.00011638912004175800,6.47602969087721E-05,8.82512116418342E-05,0.00044258956945076700,0.0009899491169569780,0.0034047711296075300,0.010396327356920600,0.011287542701424200,0.012631664846833200,0.012734061881993400,0.009299693106623810,0.007839186939841700,0.010731644546557400,0.011761811028659800,0.012839539844185000,0.01354461159556960,0.011569798510852900,0.007265923332107060,0.005367338305410710,0.002382157445291110,0.0014323086191877800,0.0010011879072821000,2
40,4847,0.0005837556926906670,0.0008891909501769350,0.00045393121151697200,0.00046915743467885900,0.0002008355568259620,0.0010506785598893600,0.002272765762970340,0.012962209410714400,0.04902258619576590,0.06168220931272740,0.0581474899914429,0.05930082509483110,0.04767731588853290,0.041812590883317500,0.04491031204055870,0.06437103163707050,0.05218703003196520,0.05503673055816630,0.04488894903227430,0.029208623819380200,0.020187515726843000,0.013057639513144100,0.007836275553367340,0.0035831006634250300,2
41,4848,0.0010616179998283900,0.0009019936933465730,0.0005861229372473250,9.45625214085763E-05,1.34108898814193E-05,0.0001765522296418580,0.0020097640319185500,0.00919335887772779,0.03319827801583560,0.04209920188182270,0.04050534510940670,0.04583199107286320,0.040987276233344400,0.03614030556867210,0.036250382774036300,0.039703578579322200,0.050581393033734600,0.04705666349254180,0.03843932374285630,0.03655449175209670,0.018976572774527800,0.01420144890139030,0.006532719140247930,0.005079621658941140,1
42,4849,0.002134311238253210,0.011293403322057000,0.004088592308350280,0.0014881899432516800,0.004784519553611090,0.018278331238853000,0.004700480782859860,0.01711870600041600,0.05569262050052310,0.0836400917906781,0.064579657614004,0.08452046184887530,0.06835380010138190,0.06363579251577550,0.0652242129733803,0.07156646767987840,0.08307615496898900,0.09158307598948310,0.07389447631554080,0.04885912331518770,0.04022544928768050,0.016476927719618800,0.01013820171688970,0.004100131535666900,0
43,4850,0.006184523272152600,0.004153107591419720,0.0008416350153315190,0.00019787194986357100,0.0005794596582113220,0.0026341610044668900,0.007112107016084850,0.03780975289869220,0.12413507189516900,0.1791188277843000,0.15137673807044500,0.16435149460542200,0.14486648987618900,0.11377424971041800,0.15008817993970000,0.16937059851068100,0.14951035688431500,0.16843219339949500,0.13103999873911500,0.08855761140341260,0.05208181344849230,0.02798805607151330,0.02351189660727950,0.010444107226912900,0
44,4851,0.004855559971391190,0.0019153015201609200,0.0002916709057959540,3.28850102296534E-06,0.0003389963551384770,0.004235008421130150,0.003164481036863730,0.02083836436069680,0.052612356840661700,0.06416070250416770,0.06580234659623940,0.0704954192973658,0.06437039275360940,0.07097280113748690,0.05245102155667420,0.0589517050634207,0.06522631992705480,0.06560210314330550,0.06582314339455140,0.043569288552867500,0.0369008929063181,0.020860573530323900,0.011837622698089900,0.004022850054171110,0
45,4852,0.0011787945200278800,0.001938663498549750,0.0005004613614534510,0.0,0.00046353932941633400,0.0027864713606855700,0.0021202808190249800,0.010788497172727500,0.02667370231878070,0.03878557956975560,0.038068647637886800,0.03864321161401690,0.03223117783764430,0.033762180061630600,0.03059751337108480,0.030575684165259400,0.03737897246631630,0.037131461519710200,0.03592568903366880,0.030629984139223600,0.02088468423283150,0.014216268509038900,0.007101261650397920,0.003522540193044660,1
46,4853,0.0010952955823394900,0.000224904155369846,6.56736784956455E-06,1.12671551025274E-05,0.00023731949375161200,0.000536174514570382,0.0016985354905343700,0.011139697621236700,0.03074925243069420,0.04477712658842110,0.04527133857547130,0.04225026306958010,0.04321937910430660,0.03651250033579950,0.032957664592670500,0.034409641481074600,0.04297408570190650,0.046637806909177500,0.03867540661852840,0.029943693956407500,0.018823945044481700,0.012757946138987500,0.008435971369706060,0.0029753157039658600,2
47,4854,0.0018428214264527300,0.00030358311289395800,3.3874367619036E-05,6.92778362213773E-05,0.0001566645103032590,0.0006934562853486500,0.0015712701706261600,0.01595186576857900,0.05593011155630260,0.07773275715065240,0.07849075966793880,0.07419215733662980,0.06868827042218300,0.05664174210484420,0.054135455627773300,0.058607618320080200,0.06407710617439410,0.07391573867514380,0.05783990634563910,0.0487115796391376,0.022658338312478100,0.017788335872378000,0.010466278801426000,0.004257530859732170,2
48,4855,0.0005730157189741860,0.0005649485331570340,0.0003469781145209910,4.79722832913415E-05,0.00021323283619224500,0.000959077345374658,0.0015805384139158300,0.009153519636195690,0.02508760270525750,0.038224930401140600,0.039135291872651500,0.036151133092877500,0.032278753534317700,0.023404082272340800,0.03157473730211830,0.029466445446168600,0.03410560745226000,0.03268793980238500,0.028276997372595600,0.02363266343396140,0.009974025792020880,0.006232591760134700,0.0041593099653757800,0.001584386945974310,2
49,4856,0.0001923843196229840,9.02183294303732E-05,0.00025521180187812300,0.0001066382756821150,9.02183294303731E-05,0.0005026222104325460,0.0013956894709282500,0.00501107067071549,0.01205853764877580,0.014290095207849800,0.0157592951019872,0.018093007358701100,0.012447676312388600,0.009834055426773120,0.014246044158370200,0.01647600251269200,0.020243430708943,0.01697181488342220,0.015462967398190300,0.009902803575552860,0.0060154522327935,0.0027344658422919500,0.0017349962455500600,0.00106637558464792,2
50,4964,0.0015869601125502100,0.0009324825570088290,0.00083574255477506,0.00030310567552306800,0.0006165408388531140,0.0015875133895448500,0.0033437220116265600,0.019599516753560400,0.06897913316908360,0.10135455249483500,0.09292010951907380,0.09379117258694750,0.07404705353128450,0.07088073964567210,0.07534276271053320,0.08785460224851480,0.08824352372086370,0.08851276255705760,0.07087045604291030,0.05090888623284810,0.029566405543306400,0.021437558365885900,0.00945349790271647,0.004893974782548580,1
51,4965,0.0008814855283753330,0.0011374764335543200,0.0011558684414219000,0.0,0.0,1.0912104326586E-05,0.0017861150173616900,0.013135945912909600,0.07359150654046850,0.07796204420865130,0.08011406198230440,0.09213868914279860,0.07807887941679160,0.06265450582256520,0.06858747567201300,0.07160948072294340,0.08004702244714210,0.07821871459255980,0.06530264236163320,0.048942602142724100,0.028120694124098100,0.01692011441181510,0.010349276109740000,0.0047871652973448200,1
52,4966,0.0026661271301724200,0.0005212205413845820,0.0012023839657446900,9.95787835218524E-05,9.95787835218524E-05,0.0015163523158270700,0.00399132268316848,0.025244340056650300,0.1311567058022340,0.12239274781285400,0.1702755812679210,0.1579637743008490,0.14739669848689700,0.11078774903232600,0.12248093081838500,0.13079061905177200,0.1611712456647030,0.16440038375889300,0.1222843328357170,0.09498716065538830,0.08951332859626720,0.03785028088766060,0.019600809693145,0.017863397610603800,1
53,4967,0.014344668644662600,0.008212208749281510,0.003348422815359200,0.003098080862020110,0.003098080862020110,0.0005513184833187770,0.014979811994871500,0.09575822010328260,0.3420092010473160,0.3832947319192990,0.4770027384093710,0.44494608718726800,0.3641198995860220,0.3069258535194910,0.37226484307594300,0.38304560163400200,0.40629153136985700,0.40080101232157300,0.28828096580830800,0.2612037109638640,0.23181177469325900,0.10737923761960400,0.0516283700178621,0.043601607853782400,1
54,4968,0.002937516594160460,0.0023521553090904500,0.00016926062721331100,0.0,5.07232200694915E-05,0.003319152876778780,0.004109108035212860,0.02550272094383710,0.07599827258491870,0.08822931623182050,0.10057006814646700,0.09838306295329350,0.08936235887719230,0.0789743681344933,0.06750557794577600,0.06917491439380570,0.09099049152267390,0.07604433788693100,0.08413497987796450,0.0608634700072702,0.049485223782414600,0.02344067776121530,0.014496626604896700,0.008044074671397030,1
55,4969,0.0006189413037186980,0.0008172062822806270,0.0002075754472020320,0.0,0.00014176080141864000,0.001109905429169440,0.002032851881589990,0.01120695513893270,0.025923221841691200,0.048937925810822600,0.046976075643316100,0.04821166998802860,0.04810090027635440,0.041794751861257300,0.034383949547942600,0.031148920121827800,0.0416247017624179,0.04317461928479120,0.04291880267142310,0.032285928238387600,0.024292652365412700,0.011151754148603100,0.008239179040765420,0.0035455717298623800,1
56,4970,0.0015668911649858900,0.0004216253153137550,2.53438137200934E-06,6.06238259365737E-05,2.53438137200934E-06,0.0005605667449924210,0.0031532862017726800,0.015268866711061700,0.056431747363552700,0.070786265334721,0.07229400872271720,0.07718371407827460,0.07053423022595660,0.0701529515484407,0.06051593092980720,0.06103068772392910,0.06391488835099160,0.07236349408337030,0.05700968039446050,0.04506321849488700,0.0310460984277797,0.02303355464948920,0.01326930154533140,0.0034027635170526100,2
57,4971,0.002063159785138080,0.00016951070725416400,0.00012739075208276600,5.07017036467908E-05,0.00011794578010329700,0.00036758435452887000,0.002065932447143750,0.01728838819607820,0.051580727439892900,0.08947567819365680,0.08099905664464560,0.08067880340244270,0.07918425084424460,0.05819813005458220,0.05682969269846190,0.05853733836986970,0.059701177495160400,0.06980637152384840,0.0604195370817407,0.05050210548802560,0.022935003287721200,0.01471535605641890,0.010783621784915800,0.0033043792977580300,2
58,4972,0.0004732155727414310,7.60781594868387E-05,0.00023725279808490800,4.44103877195124E-05,8.47152753663958E-06,0.00011919501887088000,0.0009877334751011290,0.0045980534507079900,0.011213991916989400,0.016571635207449800,0.0208114028786255,0.020233350748574300,0.014870082313787800,0.011733005705718600,0.017961927790362300,0.019403026354922300,0.028745585148535600,0.022501516488897600,0.02317358078209120,0.011264931830833800,0.006214493610277600,0.0025884102529683500,0.0018193762971317600,0.0010920015809561800,2
59,4973,0.00034968080725561000,0.00018696883428344000,0.00017101521607148400,0.00018836279311627300,0.00010427917904677400,0.00034296674454983700,0.0015095209948808600,0.006864948067318640,0.014615523117138500,0.01972969205730010,0.021344215520428400,0.022157783504912700,0.016210559251137000,0.013262996288480000,0.018134573227153400,0.01995330672378330,0.02646833527383770,0.02371287649383980,0.02078786580638790,0.013597318958100900,0.008804884450040400,0.004663746538921570,0.0026816421017757200,0.0014724272047942300,2
60,5081,0.0006854829014358260,0.00028871484874592800,7.4084851095138E-05,0.0,1.61387281568781E-05,3.46681278791539E-05,0.004533536961581170,0.009968994676167620,0.03934267127487260,0.05330262631742360,0.05537856894791550,0.06146977758596830,0.05444985964407880,0.04441238980722550,0.05054576688474130,0.047502939473202900,0.06089579114834710,0.05852922685773560,0.05569068115116240,0.03905334514082760,0.02433615497358400,0.021025599562329800,0.004336241123026180,0.0029770252809923300,1
61,5082,0.0005986313838636230,0.0009248301356996250,0.0017727610359364600,0.0003093997818568140,3.64785902716377E-05,0.0005076711893063940,0.004192060603097800,0.013343992852889400,0.05818292209302240,0.07147053172327670,0.0769000138705103,0.08774540542340170,0.07502067263342130,0.05857344680301690,0.06502977397720280,0.06843266089733680,0.0782280575956166,0.06509139687783810,0.06290081099211270,0.044270406510125100,0.024690103288319100,0.020570545072710200,0.007299538666678630,0.0038196429769780900,1
62,5083,0.010985794127737200,0.0035730353512687700,0.006338279165676550,0.00013186014779966400,0.000749809195747236,0.0036588953559568200,0.010049294555466900,0.09570321264512390,0.2667042313919690,0.3818335893379080,0.45100066638584200,0.38474587954438900,0.4135391415493800,0.3287366798920980,0.3644828050961,0.407722477224108,0.4494661264203310,0.44222557055327800,0.39601118720410200,0.3141442395448990,0.22518629214850600,0.15099300338862600,0.07681236238937860,0.04827721435247380,0
63,5084,0.009203121529443560,0.0013187162658966100,0.0030619835732430000,0.004579528580549080,0.0011938668875988400,0.0016253589087437800,0.024042064360585000,0.15178627266204400,0.46838152473728000,0.7158034628362910,0.8568632251360710,0.8785819703452550,0.7286317857815930,0.5559495207978660,0.622452138401702,0.6614488256020700,0.7700930937255310,0.695412641591747,0.7162041688953940,0.5613425752993640,0.341802076143177,0.24304357681371200,0.1158373375998270,0.0666538574069151,1
64,5085,0.001239043030879030,6.11373941856024E-05,0.0007435919170345610,0.0,0.0007246433567842720,0.0002616331761032000,0.002316378621945880,0.033414665716718800,0.08577072805185970,0.11851606115586300,0.13683159403443800,0.13053169618673300,0.10494211929161800,0.098977972461809,0.08226511772098650,0.08457357808367410,0.1168257793399710,0.11215820494866700,0.10938110458286500,0.08955184299351000,0.05952355388848640,0.0425959814660853,0.022883795773166000,0.011547638082320900,1
65,5086,0.0022045426409605400,6.34980027545257E-07,0.00012347034698203800,6.34980027545257E-07,0.0009413083772235610,0.0006167303304109820,0.0018786000212396000,0.02332153236588980,0.06592495509637050,0.0847495753221534,0.08257160155628970,0.07573277868636290,0.0766795714134479,0.07841752309508920,0.07998439877419460,0.07772306223095430,0.0838030513244688,0.089441272758599,0.07465624094004550,0.05745381666144780,0.049727477557191800,0.02122815747783720,0.015127585050836200,0.004476610724989950,1
66,5087,0.0018676241296662500,0.00014261042240311700,4.52646674726293E-05,0.00011525992094504400,4.52646674726293E-05,0.0007115056496544850,0.0019061101282341500,0.014153721869890000,0.045939669921250300,0.05299281108439330,0.05497580260200950,0.0631129052534359,0.05292109406624000,0.05177312757573050,0.0544606358031198,0.0494246661399602,0.051352626006101700,0.06599372834008890,0.05016258909820350,0.038113603929482700,0.03334264768014890,0.017263816901806300,0.01079179959509520,0.0051017932055746900,2
67,5088,0.0032171071000901900,0.0003690065932969850,6.0591232469788E-05,0.0001244521184141370,6.6895505944473E-05,0.0005886654348694300,0.0016010492287093300,0.015053372599847300,0.050251037578890700,0.06267836663124210,0.0707782351620423,0.06978992736350380,0.058268337467745900,0.05497790992472480,0.055020901739252500,0.05736173555186860,0.05787160362738380,0.07396089822787490,0.06286822169961800,0.038890065859976000,0.029719060056828600,0.016174335819267200,0.009659943156282560,0.006063029846726760,2
68,5089,0.0008536080281981100,0.0001787968670548320,0.000126254456581395,9.77857154524511E-05,4.45595840241255E-05,0.00015436343954110300,0.0012543949637713500,0.007024822644306570,0.015468024715538800,0.02104990848295720,0.024091731453971900,0.022997765547149100,0.018013616259596600,0.0156152483620847,0.020106392899224800,0.022571638851779900,0.027943074448134100,0.02641258919140520,0.022678173297752500,0.013768602491535900,0.010433691343548000,0.004908676436599470,0.0031682191859517100,0.0017839773720295200,2
69,5090,0.0006615974721861860,0.0001811870847455340,0.0003129366816266660,0.00011979948033797500,4.17227685217259E-05,0.00011979948033797500,0.0013222932244951000,0.005020430226018600,0.012209647666438600,0.016203031045845900,0.02189917343945720,0.02192315909776980,0.01451153775082370,0.012016637737634800,0.017216445795597500,0.020850800331039400,0.028104938285434100,0.021842017652271900,0.019351768655400600,0.010951739274642500,0.007147404762569850,0.00329751052187703,0.0022918387133023700,0.0010120532203556500,1
70,5198,0.005205057299851810,3.86613626395769E-05,0.0005821249382135210,2.63631747182128E-05,0.0005036744179997350,5.84669414717161E-05,0.0033824642137743700,0.020912394890413100,0.056361918563909600,0.08694177313634190,0.07668622084607030,0.08963914549196440,0.06746129983385700,0.05860865022255130,0.07987823899380630,0.07386082078109950,0.09623883882369660,0.0960731779606304,0.07620388140669020,0.05970604616084590,0.0356175401478292,0.024651503993142000,0.011681831713295400,0.006403281836891600,2
71,5199,0.00319962213629858,0.0014907888231991000,0.001358563650924750,0.0008630141811420460,0.0005752111920725930,0.00311446134017867,0.008099450572723760,0.025512080950915000,0.06547316635218190,0.08399507442636020,0.09721763525092880,0.10571321969250800,0.08060681553780270,0.06803256733649160,0.08614896277433700,0.07961866337039480,0.10161833208920300,0.0999022125163854,0.08501673853479660,0.0640866527231092,0.03654620649865060,0.026216610202039500,0.01565487721077750,0.010470215929728100,1
72,5200,0.0092374216682628,0.014047058228881200,0.00434937967982972,0.004792651013786410,0.002146498905721350,0.005992154033297460,0.02921864820546680,0.1706285268309990,0.5752471283177290,0.8653445385711800,0.8468901115456270,1.0,0.9729781934559640,0.7337259814556560,0.7346575498025820,0.8085309932987510,0.9835707928883150,0.9730364786820450,0.9263306617209940,0.6189375196988820,0.3740250530631510,0.2723488534090930,0.15639823025653000,0.07991109319258400,0
73,5201,0.020710904260682600,0.006925883561988690,0.003965021396427270,0.0013157861045072000,0.0060333591309896500,0.004838981632234660,0.028965628507965600,0.14171057601143100,0.549426236579293,0.7201508982720690,0.8999461345606000,0.9123450412906480,0.7932426324824120,0.6253868601306400,0.7111850874306920,0.8123785043047830,0.8690158886837470,0.794380173082923,0.7031143757376200,0.5043216190270460,0.3006820954468070,0.22284485946387900,0.09003324650266510,0.07238049924371660,1
74,5202,0.001321659287054460,0.0009759019562961790,0.00010110258011869800,0.0001293805571845880,0.0005459433511767710,5.9848626359543E-05,0.0024909168809424400,0.019316065964636200,0.05396824552856340,0.06642770369290900,0.07480687607687630,0.09573547967736760,0.07784939156206550,0.053097094755893600,0.04929640201462650,0.05617496251492580,0.0780474501346344,0.08186142897931190,0.07135954645782380,0.04897172577989420,0.04722579331031150,0.03211285753632200,0.0073232307369497700,0.0058431833278364800,1
75,5203,0.0019273539073093000,0.000519473627493278,0.00016706228412113900,5.10645049570801E-05,0.0012888800942831900,0.00042673015338262300,0.00149543893706198,0.01320828456732530,0.04338071852725850,0.049009926869701500,0.04714740792479090,0.04519095310922050,0.043959334386494600,0.04724026820440270,0.04725493952520810,0.048595219014711500,0.05338886924635260,0.0516867625076387,0.04412441518485450,0.03562288659317150,0.03641549513599860,0.01570553232796240,0.008908170568681410,0.004864914261967010,1
76,5204,0.0030195109290832700,0.0007073695926579490,0.00029444622553880300,0.00015505696589613700,0.0026936387002498600,0.0004941841734913350,0.001454095330753710,0.017236118548089900,0.05471030616067610,0.06163659710578900,0.05842306740588990,0.06875086201503820,0.05737527525581550,0.05487356557757300,0.05460454686625910,0.05538953737366250,0.06363099883256660,0.0723149310922116,0.05704945435951080,0.04581800995527300,0.04493637861805790,0.018672612885943200,0.012479442786221300,0.006405390605432670,1
77,5205,0.008975934466531360,0.0005749934186656590,0.000925294803014859,0.00022801398765183500,0.0002498294773940840,0.0011749865080290600,0.004082101216318640,0.020168400914746300,0.08551532053987880,0.09429400632928500,0.10592798224169200,0.10620833380939900,0.0930663758862081,0.10182479851253800,0.10136974228209400,0.08975363471640700,0.11065040616085100,0.10334101054312900,0.0905782125785004,0.07013133650716870,0.04324475753328680,0.03188871176628060,0.014373753896141600,0.008517180833062180,1
78,5206,0.0004528497300712450,0.0003351855848516980,8.94153528470503E-05,0.0002529953149265020,0.0002102870799342790,0.00029380920121326900,0.0014452107735630000,0.0070375800594024700,0.013591106152418700,0.019276605495664100,0.02128643985916290,0.022382607416889500,0.01572407109483150,0.014688504026146600,0.019400237447362400,0.01955897746441290,0.02356782587510640,0.023469769518247300,0.020368607227626400,0.01250726161020810,0.00803372720181272,0.004574689963966450,0.002451779078742760,0.001494473296725020,1
79,5207,0.0001686439415160410,7.90123350848711E-05,4.14306672928258E-06,3.87181092904004E-05,1.93490200646318E-05,6.46182799876607E-05,0.0004950630023897630,0.004179654169677250,0.009456615272264800,0.012521906177179800,0.013612631717146800,0.013870465686639300,0.012186266296710600,0.008916918097260320,0.010271842981704800,0.01339889224267890,0.013697871960098300,0.01525994932619320,0.01233546479630190,0.008029051799013090,0.006478124727301610,0.003881963025875660,0.0016627476259564600,0.0006554161608676390,1
80,5315,0.005442471673863070,0.0014489380563232000,0.0015421464989200000,0.0005414586437133100,0.001413042672339180,0.0012166616074719000,0.003256328446155400,0.01664439729724660,0.04149199264086270,0.06545662907493790,0.06484101747146210,0.07092147224702980,0.05257042573660850,0.04152044805930210,0.055887835231902300,0.06206738301014910,0.07099915582058510,0.07054403240502760,0.0652446918177039,0.04456855207821830,0.0229736516847315,0.014871509850265200,0.008176622544369200,0.004756789801857790,2
81,5316,0.007253515971960650,0.00638322600954707,0.0032653237230388600,0.0015861893014445800,0.0015913426723086000,0.003153198522549850,0.007775118005902870,0.01443902290983820,0.04877793721217150,0.08003490878181340,0.09284478465110070,0.09673411219944200,0.06969156001774210,0.05323350105334000,0.06398464485514350,0.06690728725874140,0.06376831174550610,0.06927143695467430,0.0529529590632904,0.03320579619654500,0.028506789493333900,0.017674515625454100,0.008588984907176430,0.006283575569729080,1
82,5317,0.011925999077852400,0.0038589889985077900,0.0013520672058962800,0.005968734925600700,0.003688448859567480,0.006444846221570480,0.014253089987168500,0.09387508506082830,0.28916098332528800,0.3988339624355420,0.4745599012762190,0.48368032810715500,0.39471514182212700,0.3157082628301580,0.3910052684939290,0.42651256373268700,0.46902115302818200,0.5490429777964560,0.41029089028264500,0.26994928695493600,0.2045489213304360,0.09198777260385790,0.08307684150326390,0.04629395412090850,1
83,5318,0.003182671524423730,0.003423978574190190,0.001328205832640860,0.0010297274755077800,0.0011789691386530500,0.0050450870370856300,0.009559876444244530,0.061012518875819900,0.2455471607234140,0.3190689291874650,0.3692698681649010,0.34728400720026900,0.3343761606974530,0.23162068589137100,0.3133483677104670,0.3149340316190030,0.3206388565726420,0.3630591766957260,0.23573417666500200,0.1747363395161780,0.13543185690166400,0.07621221774791050,0.02859951975318850,0.020541225100390800,1
84,5319,0.0020388549060736600,0.0009217998727198610,0.00014665078598922400,0.00012452420673272300,0.00014665078598922400,1.25638062954641E-06,0.0008540203961476170,0.008401524289419190,0.03542205491197010,0.05218847392990270,0.05377121266850350,0.05397925626954010,0.04055893684366040,0.04279535055213720,0.04378608450639390,0.03666595335405850,0.04499697828203060,0.049760499647837900,0.05432858258566370,0.03177541795300900,0.030525950941856600,0.01753611972703260,0.006368372584270360,0.006078290416858400,1
85,5320,0.0016965160393298500,0.0015387685635364200,0.0002216936379624640,2.56588257001487E-05,0.00015915777230644800,0.0009002948175141970,0.0014728930442981900,0.010684532582482500,0.036354594180119400,0.036933036329880000,0.02804149199510880,0.036250092299308900,0.036079265079562300,0.033971083603216000,0.032043071417121700,0.03556945942497550,0.03873418545262680,0.037676920220011400,0.036347075031895400,0.025895593074571500,0.02979641496340680,0.0150940768169155,0.00703612609437852,0.005763787511303660,1
86,5321,0.0003756880594645220,0.000464014612056083,0.00016248561431695400,0.00015415327234018700,0.00016377033114394500,0.00035059500357790800,0.0004460895615919520,0.004499492903374360,0.01434562566561370,0.014115656687950500,0.013563231019433600,0.016925136922565300,0.012068980517773000,0.014145722389428600,0.012201648032793900,0.012326261602305800,0.01355169531245830,0.015771685911094000,0.013760483442583800,0.009107597015548460,0.007399716262652340,0.0038694975444795200,0.0018024093067052000,0.0014522496522957800,1
87,5322,0.001236893679292230,0.0005363045906725520,0.00011337756131557200,5.84976823786404E-05,0.0001399454638109250,0.0006581350941499670,0.0014855875868866600,0.010290334800921700,0.025396031490195400,0.03739683491567560,0.044416860160487400,0.03986513026469490,0.033766025224417800,0.029669079381689100,0.0309771893597446,0.03881258393870970,0.03941460409346560,0.03764530870855960,0.031745400906458000,0.016714441843493900,0.014829689298711400,0.006350046502280120,0.005090765664125850,0.0014486606248856700,2
88,5323,0.0003107223089098740,0.0003181027469601210,0.0,6.47776031340858E-05,0.00031996483654148400,0.0007182267363341090,0.001783178475828950,0.011421314318347000,0.019279354894401000,0.027034526330782700,0.03275203718640090,0.03211886615224060,0.02122957144498600,0.02559949799150950,0.0328477070738703,0.030587647920158700,0.03082874946061800,0.035784273981651700,0.02768794255438120,0.0166741522264453,0.009070328535078470,0.004237674284009050,0.001250315864909170,0.0007926834486291120,0
89,5324,0.0002863215953894460,0.000286149786035075,0.0,0.0,0.000286149786035075,0.0005880583605542240,0.0012092992672876600,0.01121988042215490,0.019490003178639000,0.026793189125794100,0.032563236444869300,0.03284230157043310,0.022769743925504000,0.025162545828693200,0.03208236713796230,0.031575091452182600,0.028876529639591400,0.03565931933958840,0.027794648841761600,0.01574724498481390,0.009577989161840890,0.004442396653720250,0.0011609837803941900,0.0007053338563034920,0
90,5432,0.002958153015529060,0.0010581238437853400,0.001155123747219460,0.000642786288336525,0.00019317626161137600,0.0007834105489123070,0.001894511429323500,0.008098803206895240,0.03377473345138860,0.05662643905728630,0.04409203057924620,0.07403765056311500,0.038171333985273000,0.032907838637771,0.042131583981087500,0.044155541142401000,0.05525375877767190,0.051026425790542100,0.04618879259877320,0.02622005275243480,0.016681809646923400,0.012811918677596800,0.009743351047561590,0.003569654321811600,2
91,5433,0.0028926690205917300,0.0017092411221552400,0.0018743146277369300,0.0006679908674465480,0.0016023446083080300,0.001140948568902220,0.010987661218937500,0.03928257192472690,0.08756776456876980,0.13520457256021500,0.1488750252234230,0.16542700955721300,0.1203922023365420,0.08608049909972490,0.1167487249498910,0.12451981441337600,0.14242515680453200,0.12818186037098400,0.08218549756255770,0.06751782009997460,0.03611699482408520,0.01683760475381170,0.009198935485146430,0.003156652214658390,0
92,5434,0.013852530817064500,0.016326061276745700,0.011892927970194600,0.009124142032306980,0.013098370151986400,0.0143874346665946,0.018169840369673300,0.0914331263610338,0.3725861409668340,0.5639815715619970,0.6191210397569270,0.5532598586269870,0.44956739223741300,0.3732262816750050,0.3901507210080540,0.5223207973106070,0.5069352567149840,0.5165403879509490,0.4196336262271850,0.21562367443526100,0.08944068873961160,0.05201974755082590,0.042509375589907500,0.029992451706384900,0
93,5435,0.003452161590981540,0.0026541951312676600,0.0020323747418177400,0.0007896665493458210,0.0014105258861683500,0.00418864773833667,0.0139954335099564,0.03644244403129430,0.11557583170809800,0.15401306698425000,0.17114569273137100,0.17158160579880600,0.1395859253306060,0.10935469665062600,0.14296025197810000,0.12953869690292200,0.15643992027259500,0.1506921755168820,0.12157240416247500,0.08046391716190950,0.06883104277546450,0.029715884884785400,0.014700082984671500,0.011357834195540600,1
94,5436,0.0029801459263269800,0.002679314247998890,0.002118871841140270,0.0,0.0012980835214891300,0.0016789950377326900,0.0037734898163052600,0.017110199251354100,0.061085526069187700,0.07414606834137300,0.07930188520722010,0.07694108715446760,0.06864272376591370,0.05919460912443150,0.07084339012422710,0.05907189447248880,0.063795272553108,0.07978160607450990,0.06022620443867090,0.04550357645842110,0.02932028409045520,0.014890097861019900,0.007092155248993840,0.003438142480678170,1
95,5437,0.002769919019129780,0.0011590338773141000,1.83232490059551E-05,4.92479011247608E-06,9.3974493528836E-05,0.0005529885973788560,0.001786798522681970,0.014288597100500100,0.04802352713335400,0.051561707371073700,0.044725859695770300,0.04932982113865830,0.044301202621756,0.04602474390079510,0.04199448006473580,0.05090986416679880,0.05153303397058570,0.05171135920658180,0.04178468357708170,0.03271638259994280,0.030388196755594000,0.01726150116166930,0.009568082688228900,0.004760873876522400,1
96,5438,0.00147981665744908,0.000497319606507901,0.00013321517926799300,9.42303324676087E-05,0.001256799959630210,0.0005169220424730620,0.0019984809644661500,0.011880530378343700,0.03770246031007720,0.03949379258163480,0.032618992296473500,0.03557199083113580,0.034975181778265900,0.035328238009846800,0.032172869605027800,0.03791514156813340,0.04006745824876130,0.03769063927331910,0.03706040649051580,0.02724198814867380,0.026974028429535200,0.013785317463085100,0.007810614930050630,0.004968104207244740,1
97,5439,0.0002065778908925520,0.00025810191530470700,0.0,7.10374727705232E-05,0.00025810191530470700,0.0006128072810801130,0.0012039705317936600,0.010167815661429100,0.01674564384130600,0.02448384879463530,0.029641839218895500,0.027937716492044700,0.018938856716923800,0.02355226049884600,0.028063576008146100,0.028109026468344100,0.02757672795117820,0.03180701311044220,0.025306053779402400,0.016237022787179900,0.00848472075480756,0.0040891012793832600,0.001950662632541760,0.0005993402700915090,1
98,5440,0.0003319734318147030,0.00031182769370315800,0.0,0.0,0.00031182769370315800,0.0007081848038339300,0.0014640438709405400,0.012397391298196100,0.020823445851172700,0.029112764355124700,0.03541200324590400,0.03487744060411520,0.022549826390152500,0.028004387295660600,0.035951612442419200,0.03310756618330070,0.032592847402917000,0.039087302383270200,0.02961761769250510,0.018004755042784500,0.00962319345527846,0.004374409593538820,0.0011589842098363100,0.0006386560664966670,1
99,5441,0.0003571988894578730,0.0002977671543628250,0.0,0.0,0.0002977671543628250,0.0006623314727987010,0.0015716596029496600,0.011181896492566900,0.018806777654378700,0.026583980024292400,0.032433580319878700,0.03242178218160410,0.02086140334537300,0.02544594594336390,0.0333413578596783,0.030573301066055000,0.02989558493717830,0.0357165496360215,0.0275046147943888,0.015919432598192300,0.008742019750041580,0.0039868343221196200,0.0010865096441880500,0.000613487360671864,0