,cellid,internet0,internet1,internet2,internet3,internet4,internet5,internet6,internet7,internet8,internet9,internet10,internet11,internet12,internet13,internet14,internet15,internet16,internet17,internet18,internet19,internet20,internet21,internet22,internet23
0,4379,0.001156060275299219,0.0006789242395420362,0.000565433347056044,0.0004232993603925778,0.0010427725496513945,0.0008114995256289471,0.0024982142803406738,0.004719394912588963,0.006697397295226035,0.005111811366942809,0.005482980105888,0.004931940445084101,0.005433853395279694,0.006154082955994395,0.005601739399063812,0.005316309637335575,0.006001826135485394,0.005835791636901106,0.006476112365474096,0.004788571247935821,0.004753988199540379,0.00348128385302801,0.0022993434953788115,0.0015441041721092604
1,4380,0.0031327622978603647,0.002869469041182608,0.0023696910737446833,0.0020100243811449715,0.0020812379137979216,0.0023397755489040417,0.00417551915071841,0.008408408448660955,0.00966227450391773,0.009418008874874793,0.00990807063026648,0.009300041421847446,0.009297951159167801,0.013075225645281718,0.009703300895921415,0.009215646848843502,0.010458975533124427,0.01093680256850195,0.010560200038705723,0.010230443336864212,0.009847721758550178,0.008093673249080257,0.006160708062689509,0.004987346552797793
2,4381,0.0013035757039238126,0.0003342742302425855,9.35000540718408e-05,4.6215031548152386e-05,0.0,0.00041637178774625474,0.0010708300397368781,0.0029833006921004303,0.005622227086350779,0.004363139414931375,0.004891201775696217,0.005162157302469676,0.004414850095022201,0.009146581246294163,0.0060180016547313735,0.003464752366577755,0.005087126671343848,0.004948502541563991,0.004297909605962337,0.004040439779389594,0.004337571001915532,0.003967087798499741,0.002091064506063762,0.001534739863803128
3,4382,0.016952492293360842,0.009472232003211836,0.007790678425605779,0.00854265394081354,0.008565327137967286,0.00985272574731145,0.014072201543587721,0.020881528838818046,0.02667168157953446,0.024429346395580476,0.020172515357156418,0.023337365759659633,0.028691023937403432,0.023329752134284135,0.02435486898791683,0.021531782813173105,0.02282424161970351,0.02550118067444622,0.026494233608557075,0.023699584021420098,0.02417445213439655,0.024675916934048366,0.018218055983702918,0.01456877291496782
4,4383,0.018274501974569292,0.00983537343443249,0.008145315288333038,0.008829589834169775,0.008873393495367676,0.010011517854714514,0.014285763945575026,0.02223508874332907,0.02863906475138412,0.02671646754454725,0.021676740239444207,0.025084699595414893,0.033027175433434204,0.02583518005879777,0.02608684107004047,0.023847215836886548,0.024706079087370277,0.02801948013659455,0.028421523749141933,0.025402461893736534,0.026006275495161317,0.026479933029340555,0.019612301212967097,0.015499472561061529
5,4384,0.010558571303309935,0.006554105796657652,0.005594168954665472,0.005996730405472019,0.006168041214411635,0.006973040161272799,0.009972319195810334,0.01597722785563039,0.01968776136519198,0.01839383422502053,0.01588852624913475,0.01752525659045118,0.02034788245641694,0.018844145123283473,0.019413422170414408,0.017897079519756286,0.018678760005949264,0.02036641503889657,0.020560324331423983,0.018697102375581948,0.018060176269468115,0.016940033655029656,0.01401934133183629,0.01051448212623315
6,4385,0.005887307551010085,0.005300478991472072,0.004344483338964771,0.004934670136257993,0.005138047117662645,0.006089568273650965,0.009224321583636176,0.012511390660370412,0.013719891809434856,0.01221446501536163,0.012131870234845878,0.012640882763184097,0.013257845987655996,0.013331008724663078,0.01396410217183494,0.012298921072918027,0.013296730141747148,0.013599708446638338,0.014327390406884197,0.013200703188590467,0.012164922119441089,0.010885629452733364,0.010157329946354217,0.007556810394335187
7,4386,0.0020701836465746555,0.0020688110937474155,0.0015613893854931106,0.0018606302357400295,0.0019096618577043687,0.0024219318978887542,0.004024741694935383,0.00563713705206045,0.005779983929360432,0.004826785879763828,0.004661372515750672,0.004371909511267848,0.004566147347975055,0.0052825546569766554,0.0053770287373954995,0.004600842978254221,0.0049580997760014745,0.005382276818931691,0.005175059910051336,0.005582619834180004,0.005725708579820262,0.004843456273498454,0.004773507046092822,0.003414827617250542
8,4387,0.0021100804089272942,0.0020430891462436575,0.0015754182662063726,0.0015984948762192803,0.0015391364441989812,0.0019642402347974887,0.003341936954457631,0.0058580374677254824,0.006182469850287205,0.004553672412317784,0.003524671564346879,0.00233225776252545,0.003077141486063882,0.004991102311845125,0.004886370301893904,0.0047474756749346725,0.0046625165303011504,0.005613615597623425,0.00413673297125175,0.006094451539087629,0.006889577405290077,0.0052650724208944365,0.0058163227590008835,0.00371727984358921
9,4388,0.0015118190797641328,0.001217435593205849,0.0009376878581366765,0.0008690725794128888,0.0009396302292242569,0.0010402894210343957,0.001474425632720869,0.002728765882363352,0.0027544859061316446,0.00218567861356137,0.0022271359462186346,0.0013229769197853631,0.0013179113883958749,0.0025437385726357247,0.0044154691743837375,0.0034358664477701093,0.00415067032007214,0.00390955588605619,0.003535414305936118,0.003583396553388048,0.0030683397432048542,0.0035352480902603707,0.0029206869817920205,0.002328253689967151
10,4496,0.003790419171389916,0.0038513444865666425,0.004594325836742627,0.002281958192613157,0.002860909212468137,0.0027705250447024746,0.0055731273724041585,0.011620684719033254,0.014023095850743324,0.01429214317833258,0.0166274668699506,0.015294401747986111,0.017086996407235915,0.014708709692403095,0.017579481649698876,0.019802194745791864,0.016725093683354918,0.018402986999119023,0.017036841283037917,0.015902441337143042,0.011439419077610119,0.010660621324684061,0.00933885810710461,0.007036121977473685
11,4497,0.005249829620729827,0.00516398625008678,0.0041401935479517095,0.0037588343892078413,0.0038025036651372626,0.004457218412490943,0.006956823880457276,0.011728273746336348,0.01420505865439266,0.01255738491760565,0.01242864567829823,0.011324175166391039,0.011964351847792539,0.013046511789435947,0.011350403622910033,0.011573819856724423,0.013209945141499115,0.01646786955985514,0.01397905686554258,0.013385449221142438,0.015092128507835702,0.014907053606884898,0.007748507401810451,0.006667341241831782
12,4498,0.007554092921822641,0.006498820120801786,0.00535034017344273,0.00494473406328912,0.00476855550554676,0.006101369341886091,0.009603651495923054,0.014434242591848686,0.01865003872542256,0.014925606315667724,0.014985689370300365,0.0135411880888404,0.01530305573180162,0.016128191462923207,0.014300410847975327,0.01369002470691927,0.016657806309985243,0.019450744770449925,0.017017296780778703,0.016996859864461304,0.01916606234494907,0.019222076192115606,0.010492534355423591,0.008958209616482872
13,4499,0.016477995278834513,0.009444679018326808,0.008030393250672932,0.008453244874086595,0.008451905684790989,0.010070566294331541,0.014405498715330508,0.022208117866782295,0.027565918186211548,0.02600782225385501,0.020942149263454196,0.02355283064937185,0.028537878594520803,0.025975061573261793,0.025075477202124826,0.022862625055225322,0.02416458469405918,0.027380416290343015,0.02787476030537203,0.02689072218759935,0.028691649926844635,0.027089469009824146,0.020950418622870698,0.015474130693338852
14,4500,0.02952086560261616,0.020756697758663328,0.017962409625946318,0.017871727872890996,0.018118519429538654,0.01975879105381502,0.02758239174143738,0.04380598141736446,0.054315921244148434,0.050588178812914865,0.04730585655944181,0.049045190393668586,0.05675860616757687,0.05000963970277531,0.05365049316070463,0.0529321215699444,0.04894496030342245,0.05462975100463109,0.052420278224398716,0.051509249456170574,0.0441915581045892,0.042492067802345934,0.03735096623663957,0.028905094531947187
15,4501,0.009780119988489256,0.007369170586195904,0.006463674694471457,0.006521577085639243,0.007040500675129326,0.007546725561108697,0.01066649344037469,0.017939651279003217,0.02039555423877687,0.019563183233838276,0.01738930892805062,0.017529523086420116,0.02329983993296582,0.023712991032228733,0.02090627589129794,0.019702444357911138,0.020106175933582143,0.022395293338623466,0.02317341047190037,0.02186686380807135,0.02075883473938733,0.017628218734901176,0.015973066704019743,0.01173106608184714
16,4502,0.00796456711907596,0.004719379295608111,0.0039867006459765155,0.004290354215500059,0.004377207572945921,0.004783301158615474,0.00690517744358337,0.011158164078354234,0.013435320535652384,0.012026046491280503,0.010178467109510581,0.011233346566882367,0.013582018887314667,0.011244983328730288,0.011826822582326224,0.010646402028556773,0.01126146914446594,0.012763305215854072,0.012877309883168387,0.011635673349033811,0.011338746556561327,0.01136297623673224,0.008395141187721989,0.006931343284045863
17,4503,0.009593588033021416,0.004909004337155816,0.004236700346797464,0.004367905475258614,0.00444789765390921,0.004902708073225415,0.007022756003632419,0.012609298638444875,0.015900396095517095,0.014224745755936357,0.011810941285055767,0.013252011476262416,0.01686500655389711,0.013759812106625465,0.014233362447542338,0.013061793907869167,0.013461339365556088,0.015058578834482804,0.015060870218029496,0.013707968662386383,0.013586481391155245,0.013820823717339703,0.010746300447406092,0.008305004212862099
18,4504,0.0006006568884958984,0.00043817172448277195,0.00023494878566220827,0.00023680444194618708,0.00024650437063020625,0.00035248859400815904,0.0011466276956260738,0.002430793581041868,0.002406739229210495,0.0020205721001871797,0.0021155616862856674,0.0016134845475856091,0.0017165696343411742,0.0024512519538408524,0.0023462036640872963,0.002121722097184705,0.0019753713457426785,0.002176733614814682,0.0019303020980365058,0.002298240808395592,0.0024131512434578646,0.002039889373719286,0.002437969856185409,0.0014352686946797315
19,4505,0.0014015097373200616,0.0011497486481815637,0.000876230785326204,0.000804103885904125,0.0008695333042084044,0.0009357525325166475,0.001335135421412006,0.002483755103744262,0.0024067734804045643,0.0020165050351900167,0.0020609918351804073,0.001283153077885771,0.001285783935185899,0.0023305432183990064,0.003930280836103813,0.0031693825946128365,0.003847210072356784,0.0035683771852813946,0.0033709603993399406,0.0032524507280124945,0.0027058028949034085,0.0031959292335777337,0.0025911162039075003,0.0021127718659290397
20,4613,0.012870214100920775,0.013202215295783668,0.012417982026247021,0.007924886323550378,0.00912525873682878,0.008791740150065015,0.013070370231638852,0.025179906247613026,0.03040520432197681,0.032851934397845124,0.039429404153109804,0.0382363567724403,0.04220576503712521,0.0389114416061914,0.03907722346660593,0.04217297703123305,0.035242079409141425,0.04435189076234738,0.03767126196407971,0.035437293854096955,0.02913532520646786,0.030040743778214418,0.02500313828695265,0.018262566469169027
21,4614,0.005270797145666901,0.005099521711565533,0.003994195801933036,0.0034358826233596464,0.0035461113769326823,0.0039015041141439366,0.007051123286200082,0.01246610428195752,0.01416083419834189,0.013994550106548724,0.013816409490309569,0.013497108221912338,0.014051687941618733,0.015435739122051135,0.013769089905711466,0.013878376312020413,0.014916860556055839,0.017108468867084985,0.015197938798925016,0.014894218676631944,0.015241899043747746,0.013077845770387252,0.008577727525378706,0.006910924160599874
22,4615,0.0073674952704018744,0.006886700721093283,0.0051196460901194755,0.004428967466900232,0.004616053444256727,0.005481427105445492,0.009580922580654204,0.0159759525567206,0.019623494966301953,0.016417936183911516,0.015335616451206199,0.01596952140219648,0.016778515236736385,0.019815897388900508,0.018155529427141607,0.016579740286249853,0.01920410095922879,0.019636531751283832,0.017545633666112722,0.018520667117341693,0.018355169303420096,0.015480384833542775,0.012336018737706123,0.008704531420434428
23,4616,0.00929369745873535,0.006827479372026024,0.006166799653810121,0.006029927820053809,0.008667840034539197,0.00775320283097343,0.012346857964898346,0.021630621976831296,0.02760793199384563,0.02279502482530373,0.020090223394885677,0.021012246943680195,0.022178127393912467,0.027841653241538106,0.025042432447909775,0.02314109574838454,0.02455230560949922,0.023949631167172372,0.02739944284437429,0.02473345372449041,0.024355392727627625,0.017900911599509177,0.019449082551678955,0.011154033290505185
24,4617,0.02291366080458348,0.01704647552670265,0.01577832541198557,0.015875516522846814,0.01649572262414991,0.018012617411259715,0.024270728334531217,0.04196072318291299,0.05077873845779008,0.04550191958409244,0.04302103641769407,0.045224588968980586,0.05032806406655091,0.04993189406041799,0.053183975160525414,0.0494182932971082,0.05138370065757941,0.05280754870936806,0.050632370381663364,0.04798226046094132,0.04100524585254994,0.03602386684858111,0.03394640705501691,0.024870663191347814
25,4618,0.017411449868408178,0.013546948153526004,0.01231564633768156,0.011953215598043439,0.012203396819183981,0.013138577120273614,0.017603828863719164,0.03291192709864506,0.034246175690246176,0.03617235344621257,0.03278661719232908,0.03445757012337036,0.05198305000092334,0.04962595069397808,0.03824327120563352,0.03890534951549755,0.03770502864440346,0.03821376927664856,0.0397319117394775,0.041516686958989475,0.03854068279935895,0.033455474106794045,0.032404976154118054,0.023966267648143663
26,4619,0.02006845499661214,0.016000758878973953,0.014603963194059969,0.014174696349052896,0.013768321244400424,0.014336432317255869,0.01977768519769608,0.03767541804382616,0.0396739327024366,0.038516754172462545,0.03670196297693506,0.03882432955852567,0.041939152673838236,0.0375393436909847,0.039123219277402525,0.039898963124945994,0.03794798632840154,0.03883463771692598,0.03905322428592596,0.040796271513684486,0.03540254109913375,0.033419944525307596,0.03169335274198489,0.025597819528904924
27,4620,0.009217827179428978,0.004563312463780335,0.004200980370876371,0.003996055122407697,0.003911564844070686,0.004306696697704228,0.006920651276390558,0.015055345231045828,0.023489620326727127,0.024281906029191034,0.01582712299001582,0.01650123595107594,0.02002928153583649,0.017282606882379592,0.018037468670298915,0.01891183611356316,0.018285963461159727,0.022136958295009588,0.020749340622315243,0.019194036777362432,0.018572604202902066,0.015983046738284927,0.015016333479945266,0.01108554631583392
28,4621,0.0010171537973231754,0.0007046433676770991,0.00043889214521534146,0.0002655113219867417,0.0003878316484927948,0.0005394943406450325,0.0015084585870737326,0.003104294972286534,0.0028172295005701783,0.0028698907687405443,0.003749781339920248,0.0030718910774105547,0.003217786953636079,0.0036263870977395413,0.002917528017344331,0.0028643087677451915,0.0023678035631993707,0.0022975080988727106,0.0024793522139525603,0.0028283714826046772,0.0023308346347300163,0.002137422134549219,0.004637739711670601,0.0029562726499025443
29,4622,0.000653184403621464,0.0004898118089560045,0.0003341838271804173,0.00026481999086418856,0.000303771103471106,0.0004321308018658779,0.0008971612700058639,0.001949348599081686,0.0016549902796534198,0.0017100629252736327,0.0015106517288901824,0.001185001588535185,0.0016644759640366284,0.0022052074260368055,0.0019631375329099386,0.0018371205236646663,0.0019243924368386588,0.002118139989611801,0.002150970451677011,0.0018984582688370553,0.0017533744981146789,0.0017651691625121225,0.0022525234275548875,0.0015274174442447975
30,4730,0.007715288416451424,0.008186892411279725,0.00808929821078827,0.004823158878957948,0.006402308735114418,0.005151816405085398,0.0076435001925328205,0.016664427421833675,0.018047195953582028,0.01872440558894635,0.02138187210441281,0.02023575578106867,0.02189613553023267,0.019647919591061137,0.023063401483938258,0.026830482179485554,0.021024476030383335,0.02337236498985831,0.023487663444759947,0.024307223480596662,0.019435771405114512,0.01786079652583262,0.016875253994966855,0.012428237926873647
31,4731,0.010448717552675141,0.010283009207600837,0.007104626123069033,0.005718699870310124,0.006019814201578296,0.0056088581791863155,0.009779124952618824,0.019761270312626696,0.0194912891037367,0.021327881716597552,0.020591088591569093,0.02159388579358963,0.022613644947151686,0.024989684141536204,0.022708047315100167,0.023177634766909636,0.022668600092866382,0.02409796374754976,0.024397275209217067,0.026383454103152213,0.02570693775796741,0.018066883900760073,0.016977439683366576,0.012547957524292325
32,4732,0.008405097361304603,0.007415397488715669,0.005620780876164781,0.0045372702611747116,0.004403865994612304,0.004707475320715117,0.009720421847714836,0.018419165352152073,0.022956755015196676,0.019902209812949528,0.016514173399883907,0.020241972812240137,0.020777320385985246,0.02610494620163412,0.025837792107414742,0.023056241700672928,0.025740318951912967,0.023540502156892008,0.02027416134219258,0.023180008036260767,0.01911397416096097,0.01317529007550357,0.018738935483917515,0.009951807204113101
33,4733,0.00902669479368359,0.007161387360219942,0.006503426119904907,0.006547454022777639,0.010855545890945407,0.00859428139836202,0.013041695757311568,0.024434200963337455,0.03166615023706337,0.0230731835504912,0.0226382845597371,0.023355065922850107,0.025701030080465297,0.02830767313198777,0.028438845385287927,0.027803991616132777,0.0291656235623586,0.025449943362990918,0.03121717263013462,0.022243579912529055,0.0200376123018807,0.015574048433655117,0.015300012234683394,0.010276688955546513
34,4734,0.015081578093026139,0.01149132855397331,0.010620441720690777,0.010547145473813179,0.012308178064410076,0.013020917139444511,0.01716025537048526,0.031635975664209254,0.03577251221281892,0.03229609908240401,0.03004524134852328,0.03009308593149871,0.03363057497458804,0.03642955230972778,0.036707833015639506,0.0355147897951269,0.03748985529732332,0.03753390777554501,0.04082412230258857,0.03589942764676543,0.03268958620934306,0.02834091170897564,0.027154372592026983,0.019204952585759466
35,4735,0.01798725890687456,0.013007831986023871,0.011037940247413933,0.010864370153875598,0.01127732797160957,0.012598121691067816,0.016825213215289587,0.033643423354970024,0.03044528187160655,0.030527693239231525,0.026863778552290843,0.02631461032196209,0.03894962085049557,0.04326816115663646,0.03123539959418907,0.029742580957423312,0.031412064431108236,0.03459528697240308,0.035176108282442525,0.03527512668865822,0.03897671980994919,0.034442644095503946,0.0315516739887939,0.023912368015167624
36,4736,0.009859041528426664,0.007641620601181252,0.007135395031811662,0.006424543045685771,0.006127714844808823,0.006829847546012286,0.011765862526114487,0.025833026512937073,0.025663609993857264,0.024674182780686484,0.02461324073012348,0.027620948480145863,0.02921518398367462,0.02918491503723102,0.027150855055384383,0.025913031908474465,0.030745487810602892,0.02712994145166651,0.029265898631627575,0.026357631059787407,0.02281119661561722,0.019801457382110543,0.021286612882936692,0.016679133827992843
37,4737,0.011822858067169232,0.007196715509642371,0.006724822124563131,0.005932562174642487,0.006004656140713356,0.0062376151293782895,0.010865152053461474,0.02436167251004212,0.040541894793195234,0.04487434489853782,0.03260611018707778,0.03409594975795617,0.04130652985484246,0.03266704433896847,0.03432451354975192,0.03811399913414802,0.036186783676356866,0.03937535230279686,0.03606391439272218,0.03336075369426189,0.026152833794054673,0.021879660599284607,0.021970450149822195,0.017225863317096878
38,4738,0.0031635146024635323,0.0020195336796553307,0.0018584582157399152,0.00181902256565674,0.0018863733633164971,0.0023240024158660668,0.004880208265069691,0.008702498177353373,0.009499784636882487,0.009799736101260486,0.008952825285291115,0.008765319585519134,0.009309422421216794,0.010799336653623821,0.010198920439667462,0.00970538295481115,0.011998692350460553,0.01213448739556001,0.011147386247496225,0.009814654924071905,0.007346684813730214,0.006329321677030887,0.006335172411003108,0.004887954263735212
39,4739,0.0016518674662476297,0.001401223224910135,0.001126749134668214,0.0010171394324655434,0.001130287350839424,0.0012830913165964672,0.002176614435590754,0.004090340708334549,0.003847048472541594,0.003749279993717692,0.003509501304728528,0.0033006556755378466,0.003641850475279168,0.004164318435645659,0.0036249015100164846,0.004242017325676129,0.005004971397587286,0.005223879151875362,0.005144952154313653,0.004592872564090517,0.0036913168478664698,0.0038343676953811814,0.004145699408717791,0.003148071357876054
40,4847,0.00886450155925224,0.007361527440921193,0.005349105960910035,0.00458472959773739,0.004935641316553159,0.005340479737536557,0.010508578922236046,0.025011819670128627,0.02900645860931909,0.030927120553815975,0.029826197529571746,0.026495766538463816,0.0325594876087937,0.03524180507413269,0.029931336030229294,0.027441319936622473,0.03180599701246201,0.033149168342914155,0.03132140270475382,0.02904225428990418,0.022669003432609115,0.024095846021643882,0.014019981548591269,0.019835570811119068
41,4848,0.013601711772678552,0.011818534660134567,0.006866823007429256,0.005877463978481123,0.006396511621810859,0.006424963253053511,0.012404352094944084,0.023884930235965454,0.022614187875398338,0.024665893579521894,0.021595167159441687,0.023615020128797144,0.026831591145015956,0.028590847959796356,0.027239050570877926,0.030668466668161684,0.027334369336614383,0.027256732105016845,0.027325854954275943,0.03629336647897782,0.02822670753419863,0.02416304212427155,0.020512578108504598,0.0173250972534252
42,4849,0.023239219553132413,0.0165117499565302,0.013669327171196973,0.01331888378417573,0.013386209223834707,0.014288324962431256,0.024116229381284614,0.04707150037031325,0.04807919685920731,0.04537247947567187,0.04706057289473987,0.049779885213976444,0.056427815345050564,0.059254533625104355,0.06153151849808385,0.052325651360716374,0.05949927331755374,0.05595040835842251,0.052307437731266046,0.058440841415442056,0.044720748353220444,0.04533426763337212,0.03185272243031932,0.030304036165566817
43,4850,0.031412578747759407,0.02694765125251376,0.024911755055273446,0.025300850449147417,0.025955111596044387,0.028369276522019118,0.04735002874451803,0.07103498939503289,0.0958309350261565,0.09325213205856864,0.09358959933581923,0.09327117599051821,0.1068052901878993,0.1107215063112705,0.10836398763732004,0.1139586103552134,0.11553149230751485,0.1082305363099744,0.10202043704710143,0.08869663174722621,0.08068949885264715,0.0622922327558244,0.059022141688078615,0.06116016260169272
44,4851,0.029235025978242204,0.021878426986092193,0.01817914745266817,0.018007691931991313,0.019156371110458176,0.018527407662290336,0.02951060570935192,0.05937882800435753,0.06201655126833266,0.05271604972380564,0.04619843228229513,0.04602375520312572,0.05493400529371515,0.06435203355242654,0.07580911268341688,0.07009224339553748,0.06609582749587548,0.059722335120848805,0.06623031838967296,0.06220023089963805,0.062107685388757626,0.05843185262755853,0.06021271868143001,0.0462739977303146
45,4852,0.015365065211766052,0.012142913362944258,0.009994972130420382,0.010051292079955846,0.010579810810123899,0.011183444015572072,0.015492497848606126,0.029757190293389864,0.030592730940566866,0.030437025814753237,0.027646633641016945,0.027838052739217498,0.030928115656758265,0.036430657324931615,0.030628977126939363,0.027679471973578212,0.0276388960772005,0.031410490594031955,0.031786112132406105,0.031609277200100164,0.03430304991840205,0.029949944955297764,0.024483893204868865,0.02032930738099295
46,4853,0.011304961654351922,0.008921752077672844,0.008158780440380556,0.007173476976749931,0.006726772151125696,0.007612760275240101,0.012681167999983202,0.028608583205041234,0.031489523092413284,0.028415194228645406,0.03229880071409652,0.03504521888337051,0.035787215284785755,0.043810948705762257,0.033910516870098745,0.03071912423608337,0.03588234652450949,0.033438488100112566,0.03603726052734216,0.03567456835150592,0.02894634593081008,0.02601600556386191,0.029922336222305897,0.02046998741925923
47,4854,0.015174532728031818,0.010943541306740289,0.009743567996198622,0.008737234252235855,0.008230996411778768,0.008667907751726246,0.01596097525893673,0.031273711183794316,0.04895986717268918,0.04857911474164015,0.04575582734812484,0.04812220932481923,0.05254067360891708,0.05829070065063347,0.0467137655878687,0.0477361248825864,0.051301055049555525,0.05046395709696656,0.05037323296343101,0.043116456493456856,0.03704896888646973,0.031796267855144396,0.03193474654111526,0.02273667899108313
48,4855,0.004644408556702122,0.003558982376511338,0.003423534881148216,0.003418416133908612,0.003159668576689168,0.0034873555309082836,0.006513090253863535,0.010361126333716119,0.014487451373406563,0.014889640293796686,0.013667280749192254,0.014267526171638694,0.01559067635647504,0.015796288114791134,0.014857586439997605,0.0167396379122691,0.01944251984840959,0.017699155286621786,0.016853598454290377,0.014587770575688672,0.011116894728257252,0.010143279393466697,0.008750722925366704,0.006791132622610529
49,4856,0.0019572615922506705,0.0019433044392993448,0.0016292897760061124,0.0015230498709686302,0.0015903152307979978,0.0015863303796095714,0.002479812534791799,0.003978178782717078,0.004277567391900328,0.00422581612242526,0.004846428889119463,0.004790248874196323,0.0050355297539387694,0.005243925228202994,0.005406049042974797,0.007619970412059579,0.008786798251866408,0.007930518428530826,0.008116011343927322,0.006381197304867393,0.004522325643564928,0.004425881098725691,0.0038462469435803894,0.003722869968031467
50,4964,0.015640155842885174,0.012564735804893886,0.011813668808978077,0.011030910824552669,0.010525242709499621,0.010703825067414584,0.017119299034717903,0.03420980908456285,0.04212206997666499,0.04719217493519513,0.050760134277690466,0.05062690357917544,0.05337134104868415,0.06310940304137762,0.05002977108759711,0.048396170906587974,0.049323874030762715,0.0546490291668723,0.056321971112205174,0.04920105828873072,0.04612781248531218,0.041027469341026745,0.029735836874814632,0.033312160431854025
51,4965,0.01445940209806724,0.008977701267027557,0.008495453305302908,0.008231732654791596,0.008781720649282239,0.009578459623091966,0.01883906912894996,0.03306209907250205,0.038080489682419,0.04694773178186638,0.053462285318463476,0.05177807990527599,0.05792132980170155,0.0539756432256784,0.055247781505433594,0.0679328669185114,0.05131211006348879,0.051373519981643447,0.052592582074348304,0.053291183747057776,0.03153702154643977,0.047450210843017836,0.026811212024245475,0.030677785564731934
52,4966,0.05728579765414288,0.0586994438439073,0.027361814714878984,0.02677516607504703,0.027685874178245275,0.031294746206659715,0.042709597861884975,0.06852836093567277,0.07845977478089396,0.08379246242055212,0.07250740788047616,0.08310501685501484,0.10364067054561796,0.08616173571669156,0.08369145531762982,0.09121976112249536,0.09093416183494699,0.09510439895573718,0.10075372797749166,0.09705223064837556,0.09427060551435001,0.13913036405123785,0.08175165271378078,0.08485974688430692
53,4967,0.08625361472707216,0.07183024119515662,0.06513714844597085,0.05727629059923143,0.06073388932720116,0.06367686639973424,0.10697930824573415,0.15563321326053736,0.18594364907103694,0.18700240781041363,0.18385982951653465,0.1940650444182362,0.18721521851210599,0.20173648704642524,0.18338278946851433,0.20575359092603193,0.19908717586236974,0.20965770994221145,0.21977251600903924,0.21147848517351014,0.19388669023079308,0.17635929352457266,0.15475093058293718,0.15387604834146137
54,4968,0.02680833429000568,0.025025587862914093,0.021968434185641646,0.021138987315533018,0.020745771750602545,0.02074812735671938,0.028712231390358924,0.051428925926645386,0.06033612574914159,0.06489169836336897,0.06265556579388716,0.06685401144612647,0.07347678926332166,0.0778372482440297,0.07478719199333077,0.06778156243119589,0.06337501541726043,0.0658350595352364,0.07310700339442411,0.0703178228937892,0.06648137884801127,0.05631122044342749,0.05433026265461077,0.041308579058602635
55,4969,0.013332501059910224,0.011258045508924822,0.010744031542814681,0.010397498211205116,0.010819538050950534,0.010519657985424164,0.014435432360476777,0.02618472236814242,0.03377326471274851,0.0395157760059215,0.04194019906357714,0.044502577371797664,0.04800689319202425,0.04811012353850333,0.039019069507284725,0.03381358493140589,0.03221614464982389,0.0375099352068649,0.04548714576268057,0.040458439216227514,0.035748794030110324,0.028454409717520876,0.029637609385805022,0.01993755617772741
56,4970,0.016489227501887284,0.013894184097183732,0.013945140985702225,0.011696404244121673,0.011090261276862847,0.012413587301753607,0.018022280458151168,0.035694639755372924,0.04906962736539934,0.04822229441765413,0.04825538251136455,0.05641328915589905,0.054077352510971156,0.06358592501685614,0.050424916874338144,0.05567955770666426,0.05177330037334369,0.050805904194315576,0.049608491940341747,0.04570723667325919,0.051573197130115295,0.041285622472006796,0.03906198360451318,0.026202960741758825
57,4971,0.010920428932049803,0.008544081336899274,0.008507900554158555,0.008667894744471384,0.007725049963739732,0.008678747424802579,0.01638441974813403,0.03298163742886159,0.045639240035796204,0.0476298938959111,0.04816742643378999,0.05050068998076158,0.05401097853119181,0.052761531282332005,0.04603415596066155,0.04655318004942741,0.0499218385621404,0.04609022742348599,0.04761273386687331,0.0406398929647772,0.03438728248228629,0.02733492399651587,0.025547135237211957,0.018914244303914297
58,4972,0.0016342719868929253,0.0013121717468682675,0.0012305857922807982,0.0011579410154578358,0.00114826958398902,0.001167411526206806,0.0023607215815640023,0.00424864323789544,0.005676903562486958,0.005879566877533272,0.005928166558771701,0.006456576621014357,0.007060439196744246,0.006792704870710348,0.008402848953853282,0.010954642165654144,0.014501728158068642,0.01378033655733275,0.012739902996449108,0.008897890941498954,0.005287743013552535,0.0044104288783861426,0.003635785852671567,0.003950824213933828
59,4973,0.004141964910097924,0.003966182091563406,0.003571594577406862,0.0034409372067288856,0.0035219528512111156,0.0035435570383508122,0.004943551597973771,0.007079240678709176,0.007360501913891393,0.00688442916392989,0.007276341819481183,0.007392411800024805,0.007945718738359465,0.007957318279968218,0.008828607028557964,0.011671267485868574,0.012059088054378398,0.01227887367774033,0.01168120988137554,0.009434676865078337,0.007445598521141312,0.006993747236752525,0.006677235942468282,0.006915990633638744
60,5081,0.016414745284427386,0.013323426298991876,0.013247621508271069,0.012173751118495581,0.01132144301825695,0.013061493246953552,0.015534309773600244,0.02218161741689458,0.02920512404591612,0.03283257876453508,0.037037322797681974,0.041191452496711106,0.04924677789472665,0.04609847047582538,0.04099855203368627,0.04433859183959006,0.04048489134128558,0.041834761736530106,0.04355385593531077,0.03724485451149643,0.04476441670093048,0.02959130501277684,0.02974213304024048,0.029377338853899884
61,5082,0.014000538504679196,0.010870494755118327,0.01136467779056998,0.009740137299011579,0.009314165756656155,0.010787460420612405,0.016064049095917316,0.030788027902069776,0.038397798317265384,0.04865497961050912,0.05718016283226652,0.05584272333281089,0.06515036515145083,0.06369739776623617,0.05590082314296867,0.08014301176174944,0.05792857581400537,0.055835065178592165,0.05211766964589387,0.04511862056474159,0.04580041190261027,0.03001431060084412,0.030265474646037592,0.02078248889387825
62,5083,0.16944910896815424,0.15723422710518892,0.1294886822848513,0.1103702975033936,0.10735991099956721,0.10685507059589697,0.14068072547852956,0.2587031615079166,0.28624203648695384,0.33320602138260796,0.3802203437984434,0.34546445344204857,0.3965111781866964,0.4402492685020509,0.35880933359260164,0.4004501695191764,0.3920013437821462,0.362408767602782,0.37505762052300734,0.34379995193342594,0.29223131525074103,0.2819450254393422,0.27152105313471303,0.2247347923470486
63,5084,0.24224951789975557,0.20645066317710586,0.17271751108615832,0.1623388496452822,0.15513366724322755,0.16505382242603184,0.20991876201442883,0.36008421831510795,0.5244747325101529,0.5164920486811384,0.556181756055543,0.555155918860831,0.5787745460984635,0.5867616950196972,0.5432046080203292,0.5314835068589517,0.5115797917674275,0.5335736950616328,0.5472552298551696,0.5756330238225812,0.5146817471699269,0.44339615822468126,0.41278829636754627,0.3472887901082013
64,5085,0.04146289562266265,0.035985740013523955,0.033523100419808854,0.02938202179952762,0.028377878092170756,0.02884978092479459,0.038974145672723955,0.06859402157358006,0.10767226419000377,0.08288081205773892,0.09975185539700973,0.1070661890068585,0.11935926552750126,0.13597422376560916,0.1162254181976361,0.09820189259097666,0.09575244178652198,0.10005794622283559,0.11299759482417504,0.11095662692041953,0.099756912782941,0.08554367230403324,0.08600747520418399,0.06261166826213163
65,5086,0.02751424615866968,0.023789069958296036,0.024366507926553767,0.026936408983457272,0.030336911894392048,0.02622603432739438,0.03258312994995164,0.055781655493418264,0.06953833380642804,0.06810792843882686,0.07003558846117981,0.07701126835164006,0.0885441582896528,0.09500727176446208,0.08581236953456477,0.08496812350909319,0.08438877981411723,0.09280536482424596,0.09849571577660729,0.09042530123871406,0.07359384634231245,0.06736381636897165,0.060182345504454615,0.04396451578660132
66,5087,0.017291443391009638,0.015240772186266257,0.013891291188174225,0.012293899903367272,0.012664808665969392,0.013199778950091239,0.01841100668391595,0.032055184898080874,0.044968902609272436,0.045489055987477926,0.04660243855096198,0.055027529597533736,0.06437934423724369,0.05857463807654816,0.051896781497291884,0.05146241827907159,0.047244325172076766,0.04866245038363466,0.047477645380041136,0.04510737956396428,0.04470281410332471,0.036883745516770636,0.03712104581323679,0.0251732696896221
67,5088,0.022849619852479536,0.01902239556383645,0.015254808735586935,0.014454738603103692,0.01536092731858849,0.01432314929375301,0.023052143186646286,0.034513347723979855,0.05229045883939975,0.05111257561749211,0.05452608730586751,0.06068025819263236,0.0706834336399235,0.06742576636628876,0.06392242599964847,0.06116816763360241,0.058871426895274144,0.06386658067360565,0.06409142635872776,0.05108757041807515,0.05346330224557863,0.043320974503930236,0.041099876171144106,0.029297239543034856
68,5089,0.005989606235893933,0.00558896448169283,0.004770575393533156,0.004699824785387521,0.005058367223306928,0.004791974445269761,0.006993021240202367,0.008371981926313787,0.009654302376073379,0.008806080447847515,0.008509658388744424,0.009562250627279447,0.010264482488490115,0.010659866811575193,0.01277618232455845,0.01450620633454877,0.014158909395612094,0.015407147909318025,0.014817555747983583,0.012103981317889836,0.012059142588325694,0.009983261649115933,0.009883029799992121,0.00904389470635214
69,5090,0.002338395275034796,0.0020816641401384377,0.001818252400896563,0.001778799431958361,0.0017796987842744335,0.0017731978689103933,0.002808878919152498,0.004568391820128642,0.005329449154100984,0.005181640830909287,0.006083604392187442,0.006672524115043021,0.006665653609483974,0.006689127058950292,0.007610737524858101,0.010418042485147206,0.01215414166000645,0.01179861276413744,0.011588776763757885,0.008400099870795682,0.006000599229732588,0.005294908396684588,0.0044482544010991535,0.00538027353585963
70,5198,0.01832090396729922,0.013542512775309821,0.0110217491108184,0.011699535188579453,0.013032066371273975,0.012623818290313863,0.020356875347911942,0.03564365719433202,0.04855707803112401,0.052781003386774904,0.05013437414660975,0.06908133298845996,0.06776504813681272,0.05937814197125716,0.06503404496494102,0.07524160609950822,0.06528769225929,0.067569812827338,0.08192160730628824,0.06566716058892759,0.0580466253165788,0.047675186307760783,0.035608510071668265,0.03878986103065142
71,5199,0.03323626067688187,0.026636596927840404,0.020268210338204893,0.018817656901524857,0.019228883172652148,0.023206086814730503,0.03684622420304263,0.06564346915928218,0.08572799607563811,0.08033581873203638,0.07600787940932122,0.08502766927492288,0.09969455722880526,0.09130770984285427,0.08610347788967755,0.099483903324138,0.08515322869921975,0.08796166346701963,0.10096597837595281,0.09177994832401343,0.08178837317583441,0.0538288204362026,0.050267376920879674,0.049073334774818574
72,5200,0.2105569244147009,0.14424903861074861,0.1266739657661353,0.11142245170725275,0.11957989184516118,0.12583694306137932,0.19106854325625283,0.4325644811735589,0.6294029436477293,0.724100567494998,0.842344061682187,0.8957348242726967,0.9745921058294623,0.9724795426201561,0.892855496337641,0.8603502906182174,0.9443481445975427,0.9999999999999999,0.9207890148873901,0.7928720749547974,0.5273353111160328,0.45480836498464017,0.4818523496860444,0.3764045011604645
73,5201,0.2001523808141168,0.14841736641981518,0.13106558976695842,0.12120419100821052,0.11893963665360684,0.12735968913291182,0.17589018355359015,0.39249263120667216,0.5584765841717381,0.5264621453422548,0.511618867217487,0.5398130870343247,0.5958351763104739,0.6486044798499789,0.6270659648570763,0.5711467711513506,0.6084725649515342,0.6057130738189684,0.6197372414351939,0.6561207169902339,0.5118222000449869,0.5033648877973809,0.39409155559897807,0.2951935630098789
74,5202,0.04382366794161374,0.028594725775248634,0.024643875168856393,0.02722044241642582,0.022303928287909353,0.02360049439742179,0.03152091303726119,0.06734037757519189,0.09649428068413157,0.07891861584572384,0.10906506468321504,0.08886404194098244,0.1372244078847402,0.1040209159187462,0.0950990902804931,0.0859400047720387,0.08771944265003322,0.11107225484845024,0.14870151326802583,0.09056085973964936,0.08430089252400698,0.06548063535480804,0.05688413555082302,0.0727338863303405
75,5203,0.02252086399850401,0.01775293156814061,0.016768734785490486,0.019175449194475967,0.02029814137189619,0.018939618675931646,0.023591514434980317,0.043621854560262144,0.05563157298912129,0.05011327271300435,0.04663597564307445,0.05000131793528758,0.06053690014555717,0.06281401097656339,0.05717778970159128,0.056010488658152384,0.05700791394992752,0.06349233952629635,0.06737009776951107,0.06182145888002737,0.05570346389322941,0.04855820595436824,0.03985037334193175,0.03413351182292747
76,5204,0.02232818535542598,0.020437171013470146,0.01886041631686204,0.019540282440197367,0.02100075061016858,0.01994182303275729,0.025575801312408452,0.044114941019794206,0.05544591280343468,0.05180035702161807,0.0543683806955118,0.0604672343561046,0.0712838563278636,0.06777751006923925,0.060083969212600175,0.060517627748359386,0.06135528446690484,0.06432699846780195,0.06772135029722355,0.0653145510619666,0.05502790091109836,0.05051328732392297,0.04668613090183318,0.03472886568477288
77,5205,0.03040722345288928,0.025790412044605214,0.023674095891387883,0.025071990113995846,0.026518430945946178,0.026827778834895632,0.03830327631129975,0.07492816294794008,0.11371831092120153,0.08689159214924455,0.08450705171912168,0.08974988419643572,0.11106214378101585,0.11138630241662684,0.10134166527320859,0.09624616966278557,0.09979063068375266,0.10203728336417169,0.1009709919805967,0.09140418261904129,0.08595260644365026,0.07437260095443933,0.05969701661127863,0.05006289981284387
78,5206,0.004242675029342195,0.0041176512263589315,0.003803498010492964,0.0036353078987955345,0.003741890955916768,0.003891378224104649,0.005455906214099782,0.008327391487237884,0.009414879132022169,0.00974046281713964,0.010193523409847529,0.010664111172533929,0.011584075855570928,0.010833077840417668,0.011014679718037206,0.012851132139895782,0.012179694964117348,0.013117406257928756,0.012209218558805732,0.009761874391465067,0.008211803125148957,0.007110587415021,0.006337107214937646,0.007097261582401312
79,5207,0.002119176133093226,0.001948190090005565,0.0017000269929546973,0.0016618661990331805,0.001854584762804113,0.0017769139527020643,0.0028938653816830643,0.004391101214933988,0.0046692389720257785,0.004172678236891595,0.003609996045780302,0.0038705734223933976,0.004381042776563244,0.004027589712390391,0.004775045086783469,0.00608427183092199,0.0052514451190951335,0.007288147328211696,0.0065332940513804436,0.005425926960979644,0.004387122147727108,0.003871615496584004,0.004024486678267221,0.0036612219189041274
80,5315,0.01482595639653997,0.010767851441266336,0.0077298737273405315,0.00785140352027606,0.00875447649524174,0.010225268920181009,0.020055754717293983,0.036838079601962316,0.04538156048769731,0.04241719435513744,0.036807631147273034,0.049237770851202775,0.04955309634025758,0.04655328122117754,0.04382821834884852,0.056076814171869244,0.054823077908820114,0.05904075677232948,0.060132271394130375,0.05272622476996656,0.03630344487651981,0.02914749376334292,0.02774039482867911,0.022529314135486263
81,5316,0.03485493626454888,0.020663890058746956,0.012126236397025793,0.01062715346359532,0.011343715023960177,0.013025336233566175,0.020780744419011263,0.031660723039804155,0.0449728116292723,0.052153450373755454,0.035154447256656354,0.042187775646124796,0.042453338505095646,0.049279160035079664,0.04544762581305208,0.05543746070641342,0.05024746202429584,0.06505799854342935,0.052137397133410514,0.05381435893298988,0.04087352156571792,0.03572314571906849,0.03479348995446096,0.03263108390416943
82,5317,0.14542109855212434,0.12960630393590875,0.08412835852764461,0.08029098057900783,0.08444462917640748,0.09413212457846751,0.1445658458778838,0.2318643033846858,0.3133362393096707,0.3080507761747321,0.27995148039742324,0.271151847851061,0.2978452668820428,0.2959816126459538,0.3223707785501464,0.28467412087932187,0.3036149347987125,0.3553920752878744,0.3161790895911698,0.29466802380605933,0.2509856758776817,0.21987897258016303,0.20620632109485232,0.16898450674078472
83,5318,0.09879584711306703,0.07349188027284057,0.061735281613203734,0.06162039238816567,0.06238711102379709,0.06308100547648336,0.09822682549894865,0.16823710458756805,0.21846559732453524,0.20495908543915467,0.2110964701760134,0.23291755514225715,0.23065742129896688,0.2202565912693176,0.27651942906445853,0.20506598167491594,0.2533350264908646,0.21887039751932813,0.20489497452872305,0.19074602801675045,0.18765483929770976,0.1618737443440044,0.12890034103976702,0.12127283126555011
84,5319,0.02230978834193047,0.015550761197574451,0.012504432710446815,0.013390296388508737,0.011619986560729684,0.0122278768127705,0.018388612564960143,0.035282064669977235,0.05328633359833752,0.05125775180010467,0.056056667108897736,0.06068642029056139,0.07254145578730155,0.06365982198872784,0.05492306846334327,0.05163153845633118,0.04958016919669984,0.05315196729557841,0.05577150730666842,0.04835867367321761,0.04705682681158601,0.046003860974767115,0.037760285216997966,0.031691686409263474
85,5320,0.019879354804016952,0.012765096276231598,0.011241494493140955,0.01329060343964573,0.01362965148374011,0.014787537952694793,0.019949830368707875,0.039620794435184695,0.04537221658191347,0.042147703469274635,0.03869546578160993,0.038963693751738686,0.045837590618897604,0.04590098238682561,0.0405569945877978,0.03977739373784626,0.0411708079251276,0.05015030178392936,0.05664419203126762,0.05305024501119683,0.046008363615584656,0.03831156426835533,0.029747567849328832,0.031002508620528973
86,5321,0.005564480068593395,0.003398796960384678,0.002413149755156555,0.002255915130870891,0.0023444588713673253,0.0031708237136419473,0.0058156554803587,0.011991950543911082,0.017067476032545655,0.01717126441284847,0.017885152395208825,0.020439604304574782,0.025602868544775226,0.021013944640628755,0.018403005701946012,0.01739415086407008,0.017599880926907716,0.019482698213402403,0.020425296755085778,0.016523895254746623,0.012868457925246947,0.010381628599649289,0.006421244814244576,0.008694515275438495
87,5322,0.02232203779701031,0.018291830417013294,0.01413126306457379,0.01362423812032351,0.01606809864842673,0.016005897343305358,0.03311438838533865,0.040731246730090855,0.0523639822005138,0.0398606062711041,0.03455118118879853,0.032522291682252895,0.04173984737819271,0.041088612205622176,0.041670399983980554,0.03926621238214252,0.04004366538764955,0.03999680949210667,0.04164907534068084,0.03753718924423025,0.03422937697571434,0.0300883297439967,0.02230476824000498,0.018235073415290938
88,5323,0.007894336459104843,0.005964853888938219,0.0053314347218517515,0.00477555958877816,0.004404311293009219,0.005094065660058724,0.009133835970248867,0.02110949209766108,0.020351706297675826,0.016951679776927228,0.01762410190422008,0.014666017279614528,0.016068387941154116,0.01805250012301934,0.017863669599107353,0.01930111230898489,0.021851877984554718,0.02425139668532573,0.02966448064000024,0.030118470891136374,0.0173935003799857,0.011147508813138578,0.01032157985194575,0.01193607273003452
89,5324,0.006636405614273172,0.004869838088471231,0.004239739859493494,0.0037137796857106267,0.003597782993599482,0.004512045221091369,0.00821702836986165,0.019564577679468082,0.019082850282977088,0.015955434655514574,0.016205213244732574,0.013636386018985787,0.014941792967416474,0.01654761193319623,0.0161821657336035,0.017641586480349896,0.019728713936304487,0.02291041164707093,0.02758980955107439,0.02756389485357526,0.016096121675417175,0.010426312628125864,0.009276028106327196,0.01054135863064567
90,5432,0.024316101229231866,0.01934995830933487,0.010588861363024341,0.008801651973963875,0.00891129549095317,0.009291730987409418,0.010634628268720287,0.01618995976435972,0.03138890117390098,0.028730860358056515,0.02499104682071597,0.030650562947063108,0.0357350584979388,0.03106416890124395,0.0350153900645771,0.04936857241541407,0.03476562693604617,0.03993031260032728,0.050652773265462414,0.05235033014124927,0.03831983796585877,0.024071283966617445,0.03279922855628408,0.02728051284920158
91,5433,0.03754717129667674,0.029953671562662085,0.022501750872401992,0.022305448673227136,0.018290530117860183,0.017984473857371504,0.030049881772302618,0.06354059007914215,0.08162891878755676,0.0909244718456441,0.07365993629329744,0.09315996828257662,0.07863228982421401,0.08900502792242693,0.09345827331398007,0.08675088614463868,0.08960490834839438,0.08535102270587282,0.10553063569952904,0.08168211136698683,0.06921670577867897,0.05014034492671213,0.03832433314423654,0.0433555977709009
92,5434,0.07460550842308368,0.06426498676690988,0.05515437738381194,0.05390252726087017,0.058752843067919995,0.05598016154857201,0.0982231983069874,0.12612683035379368,0.22586041307726396,0.25291121083033996,0.2436370568934999,0.26908948489685125,0.27706789001230564,0.28292497242895687,0.31408885068715825,0.3333804574616488,0.30541033935072753,0.2978891918312794,0.3301879677991829,0.22246520573879727,0.1464487867197947,0.12049091046457334,0.10821177016393076,0.12492527168912132
93,5435,0.08345021735411155,0.0693514901470727,0.05247280955707998,0.04899198541787348,0.05592454353012562,0.051591058551289995,0.09509169191490845,0.09588282865784095,0.1314295852327491,0.10959719414852832,0.09714225391338341,0.09760984150555256,0.11192954622195714,0.11835449121659837,0.11206943091852557,0.10367167984555707,0.10699650902738414,0.10748183205842356,0.1159201004171324,0.10641018911271005,0.12144503845787874,0.10657003920220565,0.07965996809536807,0.06720384532556882
94,5436,0.023980880704222534,0.020590148460581277,0.017143162579207116,0.015416521749025197,0.015263776937271883,0.015500950846694705,0.0219518613056497,0.033148617228395814,0.042957750253570695,0.040594752166791995,0.041519154410290686,0.03857753556481966,0.04842960657192942,0.0479387462442039,0.040472667933774215,0.038244922711927636,0.042810272827380424,0.045924462628699377,0.04639749697406074,0.045254730271586156,0.03962804513392299,0.03547315023291782,0.0331631535083504,0.027318638400114184
95,5437,0.022627604518668146,0.019399969156391757,0.017356510967295402,0.01927537717014343,0.021897539071554638,0.019600002569039834,0.02720049491283924,0.04043566198566286,0.04977030715663486,0.046153448615622275,0.04023976601986758,0.04029172570499981,0.045304323725454405,0.05129220356273791,0.05061834287958122,0.05032997426733655,0.05061311256031276,0.05944901969250219,0.06191556611104931,0.06115953750403572,0.054382998817595084,0.047173147415657854,0.036074674220190284,0.03073010313308879
96,5438,0.01685155536708504,0.013528895134597863,0.012752773274405752,0.014851310755706797,0.016828406460725618,0.016155784391180476,0.019443859513492274,0.036662953346179014,0.04368464641855246,0.03934470456567341,0.036033793172621856,0.03784481056082975,0.04085435519372614,0.045896319421596596,0.04367774606138303,0.043807192786886856,0.04707364178085239,0.05616370030848765,0.06061413311728904,0.05711443354077829,0.047431699225160016,0.04037415415965528,0.029948939718401665,0.027495159156962913
97,5439,0.007738084243076116,0.004538464950730406,0.003753589476401459,0.0031894980157057317,0.0030390403688635185,0.005216570719995373,0.010958591476533566,0.030917736443604946,0.032490265469860675,0.021899355611856776,0.021501875857873776,0.017954517600275714,0.022710382141300813,0.023325316809814582,0.022530195229455527,0.025199237504209025,0.02769957023648064,0.031229554381726317,0.0370572007575289,0.03471390833158198,0.019783725612996964,0.012265144110264015,0.011044941237763763,0.011716178974748982
98,5440,0.008439280300059986,0.006051684718418816,0.0052508791067013404,0.004651850375831556,0.004321995221732795,0.005457419154549954,0.009789439444813969,0.023162286816201395,0.022257582633577862,0.018473415783385315,0.019094996053526336,0.016163554717619284,0.017820091018737428,0.019871194086883464,0.019179645598455655,0.020738030929298993,0.023535715201134247,0.026527912490670054,0.03297996087020808,0.03341708226994999,0.01920082699012043,0.012353536513751082,0.010851594806454447,0.013164984019109394
99,5441,0.007236032018883199,0.005446991645122238,0.004919146289458098,0.00437128444363758,0.004101145439389886,0.005052942865458827,0.008965727202391735,0.020545907640520663,0.019612676543698252,0.016389394188719302,0.016866011985505577,0.014071841200655568,0.01530745007539429,0.017022077369566735,0.016635863363038076,0.01813229248463367,0.020355204131232655,0.022954785370982025,0.028043616392632423,0.028166417844899184,0.016544416098191135,0.010619625200819351,0.009457954787893744,0.011195287126905786
