,cellid,smsin0,smsin1,smsin2,smsin3,smsin4,smsin5,smsin6,smsin7,smsin8,smsin9,smsin10,smsin11,smsin12,smsin13,smsin14,smsin15,smsin16,smsin17,smsin18,smsin19,smsin20,smsin21,smsin22,smsin23
0,4379,0.00037776680769253577,0.00019945072554552115,0.0,8.94656650631971e-06,0.0001580152458996009,0.0002043967438193993,0.00048209023930230824,0.001991835989646823,0.0042110470645871,0.005459123465990842,0.00642229851484109,0.007304287931103817,0.0045578550884265556,0.005578065202210733,0.0041413979256329485,0.004780915886881586,0.005944255127221398,0.005329860620334181,0.005470442620389105,0.003899996563059417,0.005815592942022803,0.003816944675826557,0.004231066269344654,0.0008982940056205164
1,4380,0.0014711979445018418,0.0003106133299853809,2.8143179146702235e-05,1.6169311566987684e-06,0.0001583869307648593,0.00030231827244712583,0.0009978697088136362,0.0034483924107545257,0.007769834609115259,0.0089105086706526,0.009735348463755877,0.011872444167254432,0.008466168642263072,0.008671306318156779,0.00911263583907202,0.008373137956493576,0.009585082075452354,0.010007007570206467,0.008427264452047119,0.00784455441688788,0.009887489848019673,0.006583726534100683,0.0074446457601339815,0.0024400942775203416
2,4381,0.0012560577212731411,0.0005772449710139682,5.216516476781316e-05,2.980866558160751e-05,8.597758422475517e-05,0.0003082598545825384,0.0008786385071040197,0.0034410094221346615,0.005561317207678915,0.008328156407068908,0.007339938377672556,0.006867549761149231,0.005656881081314976,0.004347653277771294,0.007181150112140254,0.006474191163145952,0.006290137456277293,0.00689510242708197,0.005045125829329036,0.004977880218821295,0.005282197224501756,0.003231330124623223,0.002469378328828599,0.0013425760523317904
3,4382,0.002336693320743405,0.0016634971759319577,0.0007789043560173195,0.0004450882034384682,0.00021962660237605377,0.0006780974929185158,0.0024508828709462025,0.01156377684565562,0.01739220183220315,0.020199319568420027,0.020834563944050852,0.023427226074153304,0.02313697022335982,0.02255582234785319,0.018495100216067446,0.023814424275253064,0.023962306636008707,0.022650317586649343,0.019704073392894768,0.017173200133651177,0.021170312943581966,0.016779378425291005,0.01217366644804749,0.0087510186832329
4,4383,0.0025041280327368558,0.001641932173981899,0.0007027302049444782,0.0003902350542675431,0.00023722593355956598,0.0007103914047030429,0.0026710672278121477,0.01231018055825571,0.018621403538828317,0.02163712303995654,0.02149137336895472,0.022902260221702067,0.023519095454664095,0.023661958799327063,0.017875411073963263,0.02228885955980031,0.022931594732477408,0.023357790752908333,0.020316859687434668,0.018137798486304507,0.020991855722128874,0.017746721214814194,0.012684572498782569,0.009127492183532954
5,4384,0.0018993337789339469,0.0014767908622340363,0.0004325022233742879,0.00024286260714948126,0.0004554327699389747,0.0007653087176389945,0.0018042895302462299,0.008341542396043752,0.013001818542313128,0.01446593377564241,0.01775478414785157,0.018074475655490876,0.020658846289200724,0.0201664325900678,0.023848867412679206,0.01691294258076029,0.017334989881481164,0.018606218189595403,0.014450856566041585,0.012525628136365787,0.01449810680578018,0.011515618928492325,0.009272281541411407,0.005999626901813118
6,4385,0.0009022274005584498,0.0008281755576637225,0.0006047027115616353,0.00031095009483375776,0.0003941468344384826,0.0005496503073140119,0.001092991151710557,0.005563003349931443,0.008319859862422774,0.008702474372384542,0.013266230287504307,0.01423784949267696,0.015910264224036283,0.015415120106621034,0.018683365459644337,0.012924454311688087,0.013762127829770068,0.014030010867138279,0.009582677101028317,0.009144756563354286,0.011430001573746889,0.0087896075446711,0.006993217478634687,0.003816146784268353
7,4386,0.0002419030660763162,0.0002681016763813663,0.00023200794322719297,0.00013317328333440088,5.2237502786655945e-05,0.000126266644819316,0.0005271921431198774,0.0026885812246532975,0.0041783335202016745,0.0041313298364874,0.006321879495831015,0.006279430057233288,0.006622286239941495,0.006925747738083926,0.004298278059032576,0.006584814933032334,0.008644470143820956,0.009223506039372817,0.005217930882136437,0.005729221975632642,0.006419350603339841,0.00449428827735188,0.0029738230563418283,0.0011291003056187817
8,4387,4.552045798420656e-05,0.0002475829020222534,0.0,4.1053857734774816e-05,1.1861605595978733e-06,2.126670120324718e-05,0.0005987421221809403,0.003543041521935232,0.004612692555764594,0.004718717592217122,0.006733301878516792,0.005054231952776826,0.007183216007510151,0.008265608830637101,0.0032815002444719133,0.0072130699353452985,0.011848974806149368,0.013402608315775248,0.00610699853220314,0.007981301475530445,0.007102116107877191,0.004425826602081873,0.002754697927778586,0.0001731144432491218
9,4388,0.0008641226645536876,0.0004622583932720402,0.0,7.047370465897185e-05,9.56702084054546e-07,0.00029836830003052985,0.0006590685361702696,0.0016880958442214563,0.0027710553752642486,0.0027018469298776314,0.004278020416255451,0.0028547028123172458,0.0038645983422115502,0.002977293997811944,0.0037497218193422313,0.004488180440866239,0.006385359893474031,0.005639806276388981,0.004654861230807925,0.004421740124454008,0.004228322497922017,0.003563303063587768,0.0031141241918354466,0.001095432351949103
10,4496,0.0029801309988997243,0.000783988512643901,9.412079943342998e-05,0.0,0.00021759105632609906,0.00024177224578770393,0.0007622702895049243,0.004864111081436979,0.012625462841162043,0.018451570356064432,0.01648066105911971,0.019256729672215502,0.018239630073720467,0.017556466862834224,0.014951528966912401,0.015023307700877076,0.01740574613101265,0.015942000991438936,0.012288404072487926,0.011242064402320395,0.013918884678990797,0.012721166202512667,0.01052869813517501,0.005545148728338662
11,4497,0.004673273946414578,0.0005977606425055494,3.312768376571245e-05,0.0,0.0002839493072512886,0.0002906567795236412,0.0014119725852153057,0.006458519299324669,0.009081411433327965,0.012652006991865496,0.013529046057540569,0.016281466270096676,0.011824248466449043,0.01146932445847689,0.01235834526690004,0.011573848067176758,0.013488941129432096,0.014577956691967384,0.01240435484520669,0.011302471198816378,0.013545748930451068,0.009428017654900495,0.008605103538686062,0.004605106271815803
12,4498,0.004936478544568424,0.000930778631502321,5.426643192848615e-05,3.1009389673420654e-05,0.0005553294951578733,0.0003183972643741835,0.002004836587123196,0.007353184508948668,0.009494625635409759,0.013167642381479472,0.014081892373757093,0.017713516667417467,0.009766332652808062,0.01019142338543418,0.011457827658165377,0.008938033560186583,0.014223722539367113,0.013735711897417749,0.01455590657081776,0.011160624452017157,0.01499682635887825,0.010106834324521818,0.01176680148019148,0.0036768785770476017
13,4499,0.002777061523940937,0.0015803823910806275,0.0005410159130616182,0.00039554031081224015,0.0002450928944376472,0.001041973755444998,0.0025841443558389343,0.011491617105279205,0.017333334538027757,0.02119677338196723,0.02088359147405583,0.02211813398267962,0.021522888687792494,0.022759254002013646,0.019027414468001973,0.021311741424400992,0.021988631993644512,0.0232228565744191,0.02054103391779243,0.018328923698581717,0.021129111421912976,0.017307118133729683,0.012174028328262471,0.00836519858132492
14,4500,0.005810242437392053,0.0022341258023257475,0.0008650794451325268,0.0004059991212201512,0.00026363869936738856,0.0009803255784205634,0.004153611251992494,0.01853975065363195,0.03419084258676935,0.03760231250852419,0.04418683533250992,0.039937399470523396,0.04248620300303589,0.039427348577196444,0.032904125172703545,0.03767219961226982,0.04210547173882921,0.04392964582477385,0.03395134141422628,0.033140758106056795,0.03640045336137669,0.0333421464315327,0.025429228954295027,0.01609858754596082
15,4501,0.0017464564415425384,0.0012753171153935424,0.00026944497515037064,0.00011200195402165448,0.00047247193552913704,0.0009339808903873366,0.0017230391951589372,0.007815446774575057,0.013743622817113029,0.014827035015387706,0.019316640883298927,0.019042742273683515,0.021812307593265114,0.02107939001501713,0.026846492279878807,0.0170096423234335,0.017676099947830228,0.020132135295034777,0.01603003030967929,0.013787156870324365,0.015097644330027403,0.012298581124635376,0.009728174586308105,0.006417069595627718
16,4502,0.0013923351306400979,0.0008775264650822482,0.00037223706864885947,0.00012670660451335496,0.00021075681795350786,0.00032494454992055665,0.0014743341609784898,0.0055319272591685545,0.009850713027007778,0.010394575410492499,0.011360766176000401,0.012712313135571415,0.012506142681976326,0.012838434390658156,0.011733728948871619,0.011854977723063785,0.012164622537608399,0.013053328155987825,0.011605894769042535,0.009107219481208684,0.010955019180256324,0.008132725531959081,0.006064705829453631,0.004516378107042977
17,4503,0.0017725837379696315,0.0014141779485076361,0.00025963351705836823,0.00010727515989143251,0.0004921628831998929,0.0006196643322632363,0.0016216637333658877,0.007916802010261683,0.011586991919019277,0.012755386875011616,0.014365414123561007,0.013840420698165963,0.01701215856961326,0.016832485577806533,0.0203401296661692,0.01299208655327728,0.013494644543741923,0.014233924943135723,0.011090933291627095,0.010651250954542647,0.010874291906486465,0.008472019856032055,0.007024667710074363,0.005471840517083517
18,4504,0.00034844204545305145,0.00019738205780020808,0.0,2.0250415261998647e-05,8.778013365997294e-05,8.127567987561366e-05,0.0003739755321294752,0.0016695949627010456,0.0032250945164287947,0.0027107288303633596,0.003910883012224471,0.0031218029788272657,0.0034135362814543984,0.0032857896179508636,0.0021772707940869622,0.0033705030021491875,0.004818854198807383,0.004941969956474547,0.0026383769372461535,0.0036165163947798396,0.0031322354906956076,0.002380948792051954,0.0017862441399741653,0.0006223456208687906
19,4505,0.0008266993313600598,0.0004018605887827313,0.0,7.808565198200947e-05,3.0007700114164667e-05,0.00029712589743062767,0.0006412618817688759,0.001595897992473298,0.0027904558918795197,0.0027087391228242425,0.003953203533300564,0.002715396873186917,0.0035118130838763945,0.002671012742712,0.003565900632329581,0.004009206797471793,0.005575962444941348,0.004768036922547098,0.004392949890551525,0.004162665745358391,0.0040702853388923915,0.0034778585078101883,0.002986493894260038,0.0012278447380040828
20,4613,0.007875688547680242,0.0014932258949499615,0.00021735459216881966,8.4779867252377e-05,0.00025465515922183136,0.0005433197584228935,0.0018514783984297193,0.012235291724598354,0.027932236006343997,0.03621232760775315,0.0334458874053834,0.04043181895221943,0.040308574133695776,0.03393514260369323,0.03324869922739422,0.029774102816529775,0.03772750436998216,0.03752683936643896,0.02273367959011055,0.031044896856550184,0.027060535285910906,0.026045695938600375,0.021701362492472964,0.012674697769649879
21,4614,0.0032456941627656308,0.00043621695398862704,9.777836928683424e-05,3.664009332037705e-05,0.00019828137350161554,0.0003219755857439486,0.0012826753437393402,0.005726807351789951,0.010138892137780988,0.01397489274681798,0.01624351740923493,0.01875566565176419,0.015393291162164494,0.015541460039823948,0.014170404355096568,0.014553913819972236,0.01644432086280194,0.016276619116416216,0.013420448104497683,0.012387761280491212,0.014685871349016371,0.009892540415936207,0.00951969554973567,0.004565327651537121
22,4615,0.0038403784880554136,0.000821100759985485,0.0001652114977019711,0.0001121442404442678,0.0002496630129449335,0.00023413289137051433,0.0012620719798909384,0.006502351521929679,0.011142288141039711,0.01305832643620265,0.01518373847501997,0.015469216756753782,0.013026817646319966,0.0117675872083884,0.013233288084164324,0.011981785211684753,0.013737178190151765,0.01524022395412578,0.013125479386610727,0.012021194678845114,0.013512045121801776,0.008391602227396966,0.009365849490620139,0.004302787686176453
23,4616,0.0017938555089176576,0.0009069100763552357,0.00018826727677177278,0.00023042875595215303,7.63177634863553e-05,0.001245063883930687,0.0011182556315928766,0.007876774635706463,0.01473132470013838,0.01656889093813908,0.018176033099152347,0.018242512576556583,0.018041003682011683,0.01771504559315384,0.01752632891791545,0.016173635497230544,0.01421585457929906,0.019926145687716088,0.015204061260342695,0.015045142950255462,0.014315408505491884,0.011690363482197671,0.007688088048474159,0.005299578043140286
24,4617,0.0054537286426335155,0.004460813965599678,0.00034749512799176385,0.0001312004203467367,0.0019783423620680527,0.0029189873806097603,0.0037232211174246226,0.02030816387190757,0.030295687122316183,0.032128844655817064,0.04775721123268555,0.0410086501223523,0.05688437918197111,0.05443566483240441,0.08354227501656818,0.03391286050961282,0.03673815734343962,0.04358474894436806,0.029092620189825922,0.030306646787289986,0.028699552218263175,0.02288045292061944,0.022486040218633627,0.014580602129209912
25,4618,0.0037539849555188196,0.001854041757562373,0.0004878045100109372,0.00019094262491059936,0.0004540778409892202,0.0016859190774984266,0.003178463253613447,0.014534401709757417,0.025994637023430887,0.030051687503554345,0.03602544046560367,0.0360051848198329,0.03402747285533701,0.032982483673281736,0.03700786404608716,0.027810976854024987,0.032876363824714476,0.03561855155084248,0.029676845567197224,0.030700663542022357,0.029315230844632417,0.02678555652489596,0.018172734730224172,0.012490340621168624
26,4619,0.0052795097897858955,0.0013529838213921566,0.0008601151018515338,0.00011320558194182849,0.00041230732151540213,0.0005808325594590622,0.004168977204257463,0.014324967403831282,0.028613599075603097,0.031473879916529314,0.03524797634027955,0.03406807791014317,0.03181316486491916,0.033837133092899416,0.03013732587826472,0.027289587963658917,0.030723353554139608,0.03565940687555406,0.03157179998533072,0.03076831478626165,0.033137128909390974,0.03000918672272628,0.020439150237404977,0.014449720769274237
27,4620,0.0022257893229858175,0.0008381773313832614,0.00011906711824438906,4.165577572691688e-05,0.00022019354929999482,0.0004170900200663307,0.0018070878770473906,0.0073543531516496365,0.015600727797227305,0.015902081891374292,0.01659875707213946,0.016568809966165863,0.015339547166672188,0.016866293426167262,0.017626139117035398,0.015556662236136349,0.016007773592797866,0.017893560845324327,0.01652672050299698,0.015484503052035203,0.013948251602923322,0.011790316696273354,0.007733221978010455,0.006673208536681044
28,4621,0.0005226014416339625,5.940368766474511e-05,6.142245914135462e-06,2.3087089913533332e-05,0.0002236040894993942,0.00014466353276309718,0.0003105736217349416,0.0021939383744282205,0.004758039840244656,0.0037944026137093074,0.004955863825297436,0.004164352354691453,0.0037979666385988217,0.0029217543538216017,0.0027347577587218527,0.003048524107873556,0.004270959639975778,0.003684897861930021,0.002268354743945035,0.0041412362148162945,0.002534932276861594,0.0032465992146077424,0.0019465678985174416,0.0005558716696728771
29,4622,0.00040102494949572693,0.0001165947982262123,2.9861596692030764e-05,2.5545106589731836e-05,0.00011078849259440016,0.00021293477702390628,0.00045963007860182746,0.0017006953015423956,0.003683109377368357,0.0031503272809014233,0.0035338993946423627,0.0036153424869392646,0.0032960082920062356,0.003016589225956468,0.002891717749238546,0.002662828574552468,0.0036198858309964255,0.003942833913785833,0.003106689769712267,0.0035795449147836217,0.003395425584342204,0.0029332861447226833,0.0016213850579704179,0.0012607444691644057
30,4730,0.004520782207870454,0.0011963476902146714,0.0002782928160511562,0.00010951389994480438,0.00015978404728114945,0.0005799449285114716,0.0015201156229414493,0.007681887240569639,0.01568807909449077,0.022113349455052687,0.019362559126429507,0.02526896390452651,0.02647693849173113,0.023062734408830537,0.02360063828905697,0.019338353353485143,0.02402459092737121,0.024348085970762944,0.01433198569170107,0.01692331001439328,0.01674694573942954,0.017091229740849645,0.013049842373910117,0.008760193358003973
31,4731,0.0022796721282858077,0.0005389138335803594,0.00042744047453057647,0.0002954247108574433,3.098569453931513e-05,0.000670149257456977,0.002005754407280867,0.007911162698174634,0.015990406367274463,0.018740491401823496,0.023728572911768123,0.02567060212865157,0.0251208524791238,0.023823184277985937,0.024854777744124104,0.02292952609519827,0.029411989012939475,0.026857367150435702,0.016911729749563134,0.020379695470679915,0.020589067074435773,0.013555409169984687,0.012123656375756986,0.006291666924630711
32,4732,0.00256025843119161,0.00109104753957058,0.0005244125060381988,0.00015025963096450376,4.286749887473411e-05,0.00028561473653220047,0.0005925605334081025,0.008866037976919216,0.017234172690311328,0.012894250682557382,0.017558408525632757,0.01334050342803633,0.016525039805236036,0.01795782506855309,0.020707726989348793,0.016909026881011733,0.016908894793631175,0.016400834322894152,0.011456935611665895,0.01316829960765125,0.013111375965100073,0.00699299306850442,0.007967471583220262,0.005159791870002456
33,4733,0.001227984669656667,0.001006148854111471,0.00013511377213264224,2.900908350734735e-05,0.0002636708680185756,0.0008635171572075451,0.0007313227298984619,0.008159794826091138,0.016250966340704727,0.015303112203779272,0.01810777216920029,0.020183674477120325,0.019650168388967642,0.01654673636007778,0.021341026400074743,0.0160800669637484,0.013203397785171374,0.019586115415505475,0.012366955715590608,0.012641231948509125,0.010961326720827053,0.009886119387902209,0.0077284619519574355,0.005159507913265036
34,4734,0.00312247329846179,0.00278201119079079,0.00018981140878984856,8.90416542864365e-05,0.0013901280948079675,0.002103169318820964,0.002833054621176887,0.014014015059101222,0.021209986354162595,0.021882950162008297,0.030801905109303383,0.026747094315147574,0.03821042395517205,0.03782155057441888,0.06127142518236777,0.02315848266271451,0.022576688716782103,0.03081758342381094,0.019818809596994464,0.02008091939166076,0.020515406649614477,0.017715005533957863,0.014127991624925335,0.008892350452040232
35,4735,0.004244051819801476,0.0012188381142468165,0.00047703271829251293,0.0003280531050057727,0.00010766726833185218,0.002015617253249389,0.003268284042411678,0.013169878042722958,0.021987022538961842,0.023528046393135816,0.024324103222944187,0.02487281516018668,0.023654207528181793,0.029435706233265378,0.025495734521877245,0.020491747470571014,0.02374710511039377,0.02891046978813806,0.030581867697230144,0.025081050658947994,0.029669627009280674,0.024331689005112518,0.015812982612745503,0.011446292363500149
36,4736,0.002844226809525257,0.0002615254672646172,0.00023753672265092968,8.156422696887222e-06,0.00018997980701562718,0.00033758845292592994,0.0023030277266466686,0.008295770030874188,0.018218066560057568,0.019922855120745764,0.02366102581196999,0.02273106954554989,0.020163918340414193,0.021569267343768076,0.021204961560793354,0.01591234706168958,0.019387554273101383,0.02162912353913873,0.021178558865591033,0.01858146262255831,0.021018264264755844,0.015566420350780805,0.010296061077868957,0.009341159396140518
37,4737,0.003161248189686697,0.0007181653548919097,0.00045923389301462554,5.840430491788273e-05,0.00020349586703022422,0.00026701611507102955,0.0021369063748424262,0.009901363977413475,0.025919542488538505,0.02760694789855028,0.034883332119037325,0.03410436147360193,0.03037910876290062,0.029874086709559353,0.030584670462321443,0.030060655450327104,0.0337977019207786,0.032337630040986706,0.02783211932435046,0.030295143839641284,0.024794028816925363,0.02142000742171124,0.015195967474478747,0.011835991723234083
38,4738,0.0016494534534978692,3.395975636053335e-05,7.358107008951752e-05,4.769583951384682e-05,0.00016168907002094828,0.00010040499251448092,0.0008896145959014191,0.003899003765602007,0.0074665836452718045,0.009310616458173767,0.010368567380574652,0.008267760022433845,0.00970343763200416,0.007732982456143353,0.008097821598515501,0.00976697137049614,0.010221812071102548,0.01063483454076927,0.007009411684110142,0.008443458421041623,0.007110938477389374,0.005703569123195692,0.0033497190691008445,0.002764257078908982
39,4739,0.0005453408457398811,9.483569090702626e-05,5.4003783328950313e-05,2.3176613682493463e-05,0.00023308052442098308,0.00025291125794054667,0.0008951551139096689,0.0026587524448001346,0.005078180386759941,0.0065124760681363695,0.0060735121621981174,0.004908981664850664,0.005352700422374978,0.004798396521847897,0.004971933693021412,0.005199956560572031,0.0058782513022282955,0.00609373698135233,0.005191017029167952,0.005581213371862816,0.00614845356864966,0.004159866423110642,0.002608709083929606,0.002205089556118615
40,4847,0.004128256030215339,0.0006263649977864044,0.0003713311694164839,0.00028566590452438584,0.00011572922078986473,0.0007045976661829685,0.001419597021218103,0.009276033229001845,0.021330010166829123,0.02679144343414017,0.02667354101031278,0.02556530899001647,0.026481078528952037,0.024232880854998067,0.02553257035491241,0.02438546256140448,0.030154887111478776,0.029497149172140788,0.018600314992801337,0.020525692703873194,0.018471583944975375,0.015158965535865437,0.013696785526897438,0.008235576726532448
41,4848,0.002701891467931178,0.0012843774853073266,0.00045072490104318495,0.0004035554616468562,1.889148252564291e-05,0.0002481329515199579,0.0019405293323696328,0.009438786024923328,0.01848368195484601,0.022029572164075004,0.02720341814466895,0.024963236581734372,0.027345171207805052,0.02507004273329559,0.027330590724252556,0.023569548515203792,0.027400148332431352,0.02576274611159912,0.016774037015288595,0.021307810617554514,0.01994022452010223,0.017965061881073555,0.013847391021915031,0.0060670469545332055
42,4849,0.004502310440729,0.003836330392694082,0.0007620241613477126,0.00022035941481610805,0.0014211565481510105,0.002066568611143904,0.0037236918719622137,0.023275635375325312,0.030265115129607008,0.036006350128487956,0.052168930056165554,0.05210458534755884,0.06253097286796641,0.05489459174823052,0.08522606346254288,0.03768838570414468,0.04453474336148934,0.04985491591715073,0.026514751744952256,0.033240749231982746,0.029386967781190498,0.02348020873038215,0.02229803989300674,0.013344559867052989
43,4850,0.008588888032108135,0.0040203906953215065,0.0001985763913471692,0.00041881380321089675,0.0004555272363946072,0.0036431005866067877,0.004059355111761807,0.028304687957046288,0.06486036153522913,0.0709269783420203,0.08787827184804398,0.08559481176660083,0.08315466304210382,0.06625136672809419,0.07306320592389631,0.07037505220454633,0.09102005464673006,0.07785289324088425,0.06444668575956407,0.06411542382454102,0.055168375764350366,0.044600190071212784,0.04263277927161569,0.026515582554745697
44,4851,0.008956613585699238,0.0025612429207845016,0.0004126886373295651,0.0008911058412162122,0.00028401235043988863,0.002553672768197357,0.003495813842632653,0.01578178610333352,0.03759495379348802,0.04181073453097773,0.04231873239845065,0.04685159011160687,0.04890878002888978,0.054397261265394764,0.04333388536909191,0.03657794371518144,0.03914944967081516,0.04508478958854855,0.03955811294418992,0.041718435812923726,0.04790441454429853,0.0360014389710996,0.021203262896224213,0.010424389848754188
45,4852,0.0041744703130180884,0.0008576944850880096,0.0004927867836404407,0.00010872369931181738,9.412275867944597e-05,0.0011133742215310304,0.0025823384215433085,0.010487829761475697,0.02307786996805416,0.019817216947136576,0.02421597836610119,0.024079379942937296,0.02278491324029321,0.027539496676297154,0.02195723280290536,0.019003014057391833,0.018695761164922095,0.024968234875659065,0.026343685445088444,0.019961526628670512,0.025091370840048945,0.019512641797796337,0.013697911231737431,0.008481911550690602
46,4853,0.0030332853381172795,0.00042325820386941433,0.0002769224544389558,2.9018212788103854e-06,0.00020495797204318146,0.000312839130004516,0.0028369894695997717,0.010646234378196206,0.021175811486485008,0.02285413321598122,0.02889951498006642,0.0293029466233921,0.025473947559582304,0.026740305563926287,0.026356375507429152,0.018682120837291108,0.024023581049728363,0.025704190158210478,0.0277601992361662,0.025646530493756103,0.02473197355357341,0.021415594925166776,0.014796617042322322,0.010006793851109702
47,4854,0.0031054690209244957,0.00040256603679764304,0.00017649960306271074,4.53998508594037e-05,0.00014035069318209695,0.0003716379640486284,0.002807367448510803,0.014256423910052766,0.030143394552230078,0.036323386180101606,0.04775120242636197,0.04241784842952499,0.03952050342128371,0.038003273742690774,0.03872376067063049,0.030762601737241418,0.03608077259561557,0.036072550247447606,0.03795903373693878,0.03668969177766171,0.030425712924863766,0.024622173448797732,0.019156557377255367,0.01366592897962696
48,4855,0.0013313450503174367,0.00011131007155531662,0.00018326233303448915,2.1893270239737907e-05,0.0001434973526701618,0.00021731685673778058,0.0013750374789936047,0.006082073343560773,0.011879170404138372,0.01598533414116627,0.019053910763427113,0.013951657543571477,0.01405641794073091,0.013244556957348656,0.013629130803688643,0.014383852182992388,0.014485864182571256,0.015738543504632697,0.012595232998498681,0.01260903765276237,0.011353378030762147,0.007212674946626527,0.005194878447629987,0.004930612266652873
49,4856,0.0007000547997348043,0.00012148608341727532,0.00011699373303400974,0.0,0.0001569253838249422,0.00035719806701838176,0.0011203377774243273,0.0034235150485952565,0.005932841058787544,0.010151758299541689,0.00786004870740116,0.005497426910168682,0.005421621970327914,0.006290499202342354,0.0062935736959102715,0.006440430637483727,0.007798852314177402,0.008396047501063592,0.006971049179911115,0.007045182029617306,0.0076442790819955505,0.004518695702618762,0.0030816410418062954,0.002168644242268535
50,4964,0.004537347885445073,0.0008155087871641286,0.0004962788160380539,0.0004676570762934233,0.000440548134374911,0.0015247947811380415,0.003711545961739953,0.015593930133294041,0.04381718447301557,0.04138280263892737,0.04486527407758498,0.04930815847814229,0.047965049542179526,0.04144145025782396,0.04404087572759889,0.045579916031572805,0.04842673192942241,0.04829920811719625,0.03022061201421129,0.03801362553194409,0.03456479796326965,0.029963665682647862,0.02724456348653473,0.011826755388215978
51,4965,0.002463944300489002,0.001341066299970728,0.0004707754839794064,1.4744338196858116e-06,0.0004937138324897098,0.0009752421456767974,0.0023467541975550127,0.012880797501558117,0.03480220437706185,0.04294019577719112,0.05380423414784479,0.05446422228494459,0.052366206746170624,0.04885542394105903,0.04418828185064187,0.04121095652877791,0.05154897308901856,0.047555898507697744,0.034452024206095985,0.028876753265843977,0.02467149559317215,0.02402770555588672,0.020285610562023392,0.007285750730016904
52,4966,0.011829732269453783,0.004271031531136892,0.0031415033429807422,0.0005776340594861466,0.00029906143097097705,0.00244772587349134,0.008081573970686413,0.029093466744363135,0.07041014588187641,0.06687304771932921,0.08054719639345395,0.08206730859477555,0.08394735798951355,0.0890700422778416,0.08137058644358046,0.07754812068733802,0.09039843867157417,0.09106637560561873,0.06720723655305584,0.09730748457499369,0.08165852644627261,0.0714491919238186,0.05041350897528233,0.03716129865077975
53,4967,0.022722544601627686,0.005958682604788046,0.0022182958603862214,0.004010259201523242,0.004225884143995091,0.002078827053444585,0.02408255862452152,0.07896029244585556,0.16983382443293288,0.1743285708287758,0.18194811272485528,0.22709643523964906,0.23307221634441105,0.2349113518206746,0.21737296373998383,0.19083619164693258,0.22234157835509274,0.21689363431035602,0.14876904293532645,0.19041539669543375,0.18640999033651753,0.20133836178051476,0.10925875369836778,0.10883179177926486
54,4968,0.007303365520799892,0.003959010226603888,0.00025112596106701736,0.0008017040353866041,0.0002963860725752823,0.0022606137698830907,0.004554820006181985,0.01868380467852304,0.041916561854350116,0.04701719033191303,0.05320942774392117,0.05606053822498246,0.05522302054706599,0.0604979939780746,0.04639359671000046,0.047637332727609824,0.05132716755673891,0.056813645591682053,0.04305497629408088,0.04840465680876146,0.04871308208029474,0.03918706905889673,0.023469052003645855,0.018098516391970954
55,4969,0.0022294621549148017,0.0006837265937621166,0.000185262271975695,0.00021646131449690393,1.862008909067601e-05,0.0007573825933945074,0.0024099157317846853,0.011213264618355227,0.02584107446520139,0.026633532840570438,0.0322959936583038,0.0394653737290353,0.03260816396949136,0.032394076219961654,0.02672955166869862,0.02738282091588524,0.02734354681635974,0.033382523153578245,0.02574630441025242,0.02366977750867145,0.026170305460250936,0.02102783153980162,0.015027576577657928,0.009113714487022381
56,4970,0.004128161712491996,0.0004436759658832002,0.0005890554679900537,0.0008913126993304467,0.0005783929182737861,0.0004306232807700701,0.0030976972911954674,0.017309011065484766,0.03352100200718898,0.04182332562541168,0.04801897972305542,0.05638918836237929,0.05248949167109311,0.04573082354345115,0.04672246825363845,0.03557040806021841,0.03964032749955051,0.046116585760747446,0.042551675316277814,0.03647246467283989,0.03804222416390182,0.03105386677447119,0.02159766352105599,0.013094502313168603
57,4971,0.0032461163532226623,0.0004108244051010006,0.00027969551547162995,5.733737607761722e-05,0.00016306418407779265,0.0004135341086375217,0.002294782647710006,0.013399695808362973,0.031099234334534733,0.03821452726829268,0.04923313018263916,0.0467828146936333,0.04444064143959052,0.038498305536779444,0.03819193102633545,0.03234779469408389,0.03686946923408349,0.038789605964652175,0.03153472808574322,0.031094786173756796,0.027181124485060867,0.0212951753946852,0.01650512285420837,0.011529174323668385
58,4972,0.0006521764594531744,0.00016606911353520974,0.0001611044323271504,2.7985097248064433e-05,4.397611325231972e-05,0.0002582551222189552,0.001003104313534315,0.003388379094565882,0.005877676589544455,0.011391826745814296,0.009753147772216288,0.00645793796223061,0.005869684820303589,0.007893130928346858,0.007926650490953275,0.010950421280930009,0.01235168049319872,0.011015146270880367,0.008707557121323251,0.007880913904653732,0.007160792832127977,0.0037115844551565812,0.002846725100146896,0.002114844633568647
59,4973,0.0009628067879220642,0.0002998750919427014,0.00018630215296039666,3.653679930828916e-05,7.519216954688534e-05,0.0002617420158134227,0.0012859152470545197,0.005211725823501906,0.008635177724973847,0.011869539457211458,0.011126537246205324,0.007252639343623698,0.00797324344451442,0.009180010562934405,0.008481463306801227,0.009099756681138523,0.010647779157820683,0.012491651914391158,0.010497484914832166,0.009485546733249616,0.010392093158070251,0.006752848289360515,0.005397046886977604,0.002439455169394923
60,5081,0.003359051301407745,0.0015284580990565487,3.446648070933001e-05,6.2582775173631285e-06,0.000520950995309365,0.00036454638411506467,0.004935644368688927,0.01392808953859662,0.031290395518056686,0.03114006355057968,0.042140471226836056,0.0378336021416998,0.03911675665481354,0.03839709487867951,0.032482088212450126,0.039627917756690445,0.04466309203246114,0.041911643498457274,0.03030346517377681,0.034894845690487335,0.03110636373035237,0.028271905713544224,0.01683101928110772,0.011736513920484571
61,5082,0.003018352550459204,0.0016307267791859455,0.00015785385609206807,8.28675065911338e-05,0.0013699497218259795,0.0009572289943854893,0.004240158635172654,0.015325454351312842,0.040585439481240326,0.04008476354768443,0.05401202285092276,0.04985745222306329,0.05175009607010829,0.05450651958522097,0.045274529975539955,0.04533667882704211,0.05362939869780807,0.04790585242527743,0.03553703971359524,0.03579968588947082,0.0299240073640384,0.03050732972965045,0.02251312263308757,0.011057806519536879
62,5083,0.045103938618316984,0.008781353505233307,0.012256709963993242,0.0006845587267998061,0.001048235355388688,0.0034494366814811516,0.01442475157143048,0.10805673215715428,0.2567482325216638,0.26318882573193697,0.2916476248520828,0.30605104008886885,0.35701098474137954,0.336126147131167,0.3060608170634341,0.29349874600604536,0.30710732069686214,0.3226461301293194,0.22850970407536486,0.2682027025485759,0.2650394413816632,0.26630370297006367,0.21514402168847738,0.14900650690911715
63,5084,0.05268458326355628,0.017199349861294934,0.01175352712817272,0.0005681139741690781,0.006397148210222606,0.0036896350226202678,0.03329930257785725,0.16576848261266586,0.37421209797983457,0.4141863054998051,0.5160085706281398,0.5040017005069451,0.472708413588151,0.4662106039696573,0.3984410080543507,0.4288112587763036,0.5094873518657743,0.4579796009915952,0.34317930828572096,0.38941299568101884,0.35192110271132976,0.3679406514723665,0.2701146317636861,0.22868614232602222
64,5085,0.00821465877338055,0.0018730316505814492,0.0027994405393304755,0.00020476011563123802,0.0006847969870024771,0.0012048725179455622,0.004578329643798824,0.035327302763006406,0.07142235792363559,0.0832094070532567,0.08389120295387997,0.1082538047709246,0.09422597116818437,0.08452562283384202,0.07990021163264555,0.07349955554134344,0.08453508415654672,0.0903819777010744,0.06844636198095475,0.06724833864243364,0.07049969519186677,0.07918963533991094,0.04828814551595345,0.04610888391242127
65,5086,0.005331596202559449,0.0010026417287217536,0.00044632240111577495,0.000715674931941876,0.0009277460007294755,0.0004590720709055322,0.003431255433914826,0.019598172683108962,0.04833913914499885,0.057334149654095126,0.06245030788271669,0.06944893881030188,0.053225124357916764,0.0629668942068014,0.05784691457223396,0.05864635686090278,0.0651556059002687,0.06216501424836494,0.055395898977349034,0.06098134676628187,0.04759586740540083,0.04067843859060264,0.03479661772703991,0.01851679200830257
66,5087,0.003438939303004939,0.0013593528032857626,0.00043202573616162634,0.00030896739412171974,0.0003951682159672787,0.00040860302251075455,0.0026092364117043477,0.013704870829952687,0.031343682987724955,0.036874287456179,0.04041056304115651,0.048868340488052005,0.04700591761736071,0.04375644597710194,0.04122112140300966,0.03935360454250877,0.04053587498449552,0.044173212650049955,0.035774952403321444,0.033343302209221506,0.031482617607235294,0.026836135500499743,0.020913799803988584,0.012082799112411136
67,5088,0.004547868024737987,0.0011251583717674857,0.00011442904679552545,5.735486145103138e-05,0.0007218816391626359,0.00043980443367630024,0.002130333975720371,0.01718779993133826,0.038306754004230406,0.04152321060267439,0.0467544139008658,0.05354950469067342,0.05245104511378942,0.04964788453277849,0.04307843458784805,0.038841239520947576,0.04426297843994688,0.04795805802747728,0.03668158206075471,0.03745338754126223,0.03226872540207476,0.03305429734011568,0.01987878298300245,0.016442458023298075
68,5089,0.0012565333823255933,0.00038034178866446107,0.00017897069931747795,6.209808700418142e-05,0.00017271986692922868,0.00020280190874229226,0.0011401990784913425,0.005408172972412126,0.01045688846341367,0.011786034711091516,0.012436422936406337,0.009218993911697745,0.009405403446244394,0.0112007473459436,0.010008622691728222,0.010816851261780558,0.012025652646384334,0.013951138993059078,0.011848450166592554,0.010706779507293452,0.010612743447682345,0.007661285979201647,0.005769925278293421,0.0031249017047222335
69,5090,0.0008728063685837389,0.0003147871329978539,0.00020656786213814476,6.162294083767811e-05,3.7946833746606674e-06,0.00037260423635017935,0.0013200839485800807,0.004016670783142959,0.0072531874529145985,0.013439290936185476,0.010872809837798415,0.006522581346624808,0.005361721438461836,0.0077960745201244176,0.007588942707856347,0.01002975087215646,0.009666662458357908,0.010384579033948052,0.008582381430705485,0.007110962376567985,0.009195048070110796,0.004372929175541694,0.0037386697121147474,0.0022382845544524476
70,5198,0.0068186545361444695,0.0011483259688032002,0.00026951509534513,0.0002378816782148952,3.35948788622669e-05,0.0006045126735593981,0.003212741856285342,0.016101759520380034,0.03813073814392838,0.0366345748290678,0.046024974495175,0.04645002278014552,0.04285484732265274,0.042750828921168244,0.04705309168944284,0.056591822769652585,0.05458855787216924,0.05062016811853804,0.04296238708861331,0.04923004170241465,0.04147331730385776,0.034392265484159426,0.02493653336320619,0.010356754035464428
71,5199,0.00840181718247082,0.0018044747239953085,0.0013469970946171682,0.000662834765375537,0.00029292073933387966,0.002156651610515295,0.0036236120688660353,0.01983144355846472,0.043327329173452944,0.045131471937318396,0.05311390463457807,0.04935100971959049,0.051774311746166216,0.05243205486412622,0.052622021285316706,0.05508077921677882,0.05571990536551667,0.05430863312971683,0.04439701108175915,0.052272575309943434,0.043596784971682,0.04276664471836478,0.027859503663214404,0.016186004061313312
72,5200,0.04831253571384597,0.010465793896659773,0.00844161577270139,0.004643874901997563,0.00568596658693614,0.003193144483744828,0.019013482740041682,0.19323893843634152,0.5038618843728366,0.6806713197270409,0.776513950361234,1.0,0.9509537131288781,0.8919694519966368,0.76947558004236,0.844684929841703,0.8332680154709358,0.9207428861242088,0.6330994351838167,0.598326205661541,0.4502742944423421,0.49711273827435604,0.3374415092105035,0.2521916383369844
73,5201,0.052278623637480925,0.0137613365057881,0.007415861623498367,7.413504878741526e-05,0.0047280293029335115,0.003066105369171712,0.01844173086669964,0.16402074318888712,0.3982270147435898,0.42140498302594054,0.49046213493574237,0.4671679297634097,0.5113476453465787,0.5174882991930645,0.4108130118865954,0.4740323456082875,0.5067596791064831,0.4838366800877623,0.3473970606386032,0.45212689241456167,0.3189247442001089,0.2819511470414765,0.2231570247491874,0.1713326421963578
74,5202,0.006300456311102522,0.002090583304160748,0.0009736082119358652,1.997103062820836e-05,0.0009337164126124987,0.00067900830836509,0.004091094581595591,0.03831189833996752,0.056148663161085986,0.06337472034385408,0.0627569728227431,0.07613663233382985,0.07800797206573867,0.06668034109537875,0.058113629845143934,0.05045854546934144,0.05396898037227668,0.07069059413111702,0.049872434629898224,0.05094846589949144,0.052422713827526196,0.05221939743701639,0.04264687183389661,0.022761904456217424
75,5203,0.004685266330370766,0.0008265617039006289,0.0004758886878378729,0.0007120357107840679,0.0006886176826404625,0.00032386152106760854,0.002584621770217077,0.0120588359968266,0.02937610219193457,0.0350383618579041,0.0384053255728829,0.0414656120261845,0.03673105977070043,0.04115470627206947,0.036287281180740386,0.03629246001144177,0.04037089202088353,0.03961801825339716,0.03908264720074737,0.04234566748639721,0.03332078374155466,0.0279620256706226,0.02491071956472624,0.01414386255357531
76,5204,0.0044029086376815765,0.002247968200002523,0.0005898021530670251,0.00031598994330520573,0.0005469763900616973,0.00045834038200993704,0.0036329466057388993,0.014785970682887907,0.03594502430997093,0.04168469284557482,0.04749321012800685,0.05418201016072298,0.04822397880295933,0.050768007434242715,0.046697636993978414,0.047105008802167336,0.05042311865756471,0.05253888922292799,0.049549962792707486,0.05027778801041613,0.0380575410144512,0.03275953343007407,0.03211570252565284,0.014330437036445164
77,5205,0.007838482665481917,0.0014069068758477622,0.0007301211496085327,0.00040355285589584053,0.000740827615836836,0.0008340936878666386,0.002753986424735294,0.0201863925234836,0.04781322801103556,0.05722471280424526,0.06348361257753096,0.06605428410579021,0.06686745680836483,0.06937813604740048,0.06520527953389876,0.05781846169897704,0.07087427342859978,0.06438444899660677,0.050494167131926185,0.0604162619549168,0.04548353855601246,0.04049473514879164,0.029462724807412355,0.023544365915292697
78,5206,0.0010651211110758697,0.00030578907761593315,0.0002740202195883514,4.30186587635242e-05,1.392190228878374e-05,0.00032524534646084915,0.0011461425061546774,0.005336617552485559,0.008694921801825546,0.012236453221624774,0.012893052437827388,0.009257975454786242,0.009985418870020716,0.010036096477290627,0.010818477100400918,0.00983726013855182,0.011249992213298228,0.0134496394106243,0.011101752152929377,0.009963926003874442,0.0095670485367112,0.005982964331695747,0.005026862376399575,0.0019357196963655998
79,5207,0.0006021311298348728,0.0001880925877257676,0.00010858628463471455,2.636250641900267e-05,8.333395321939798e-05,0.00013457775049283258,0.0010153496884124247,0.0032705684628872413,0.005487762801280597,0.005353887683132757,0.00758072728812764,0.005516815984623117,0.006109447365938422,0.005300089090997271,0.006719569368162057,0.005479005125630028,0.005270396685894961,0.0077548356528556244,0.006424306296189364,0.005327969996018808,0.007012113655473591,0.004154481021625011,0.0034653388246183654,0.001965400412059135
80,5315,0.004470024556865239,0.0010654647237910513,0.000556184589197356,0.0005878523464826553,0.00028806794666358523,0.0010229316717246448,0.0017974178381247343,0.012629407915684818,0.026176834681422862,0.03124495444438288,0.03747065284982053,0.031145839017958244,0.03548072812722931,0.03143650069444441,0.036072998956516465,0.04412532027760722,0.04976928637640199,0.042371269581103925,0.03470640680721652,0.034920409132333026,0.02786591939516511,0.02673936675635495,0.015742676570963968,0.008115700056250936
81,5316,0.0036550040957267385,0.0018314456237177568,0.0007319380784612426,0.001680144013223239,0.000682977513400341,0.0019301717005055195,0.0033225060672557273,0.011222516867869818,0.02884440879599473,0.03387377778166489,0.04894579501536604,0.03741734809734365,0.04125820621943166,0.03409935486903763,0.05479268654410431,0.039621332735419325,0.05663827671351411,0.04613856960052144,0.0429830656439172,0.04065551816320659,0.038704836019829075,0.053890786860372554,0.02685579455851481,0.010042090379630664
82,5317,0.034459584678077144,0.003632518561262968,0.004552185443658394,0.0017026880103108695,0.0016127485175340764,0.0016762862411928245,0.009553079158678411,0.07899332509984557,0.1936796890097843,0.1973521355714842,0.21462273285673797,0.2099133537602715,0.2113682486582542,0.21405811776354977,0.1957452946487907,0.214758871508221,0.232470328221087,0.2335642294017759,0.17747784071505832,0.20745909417211805,0.1666020903984073,0.1404531477271759,0.10866095922681794,0.08307377783740481
83,5318,0.01507256563977548,0.0064656642452529615,0.0034560864259373797,0.0016333913793440949,0.0016002997189837741,0.0016566613742038181,0.009718970664863791,0.07117228131286107,0.1571140357376671,0.1538471367624577,0.18859896388329206,0.1690850771403846,0.18710698457397026,0.1806281002188673,0.16327921760824848,0.16012806195142873,0.16966262147424865,0.17705496323954387,0.15035783380360349,0.1502828441959311,0.11986357661513054,0.12272546191088152,0.0892831054537805,0.0661849725439764
84,5319,0.005120728216297967,0.0015686490204364452,0.0004525467385068078,2.2162381807548237e-06,0.00018822148009360465,0.0005535270102728681,0.0025695365407931757,0.022666755482662143,0.03190738896659589,0.04358867127099122,0.038739723823572186,0.052393699451699825,0.044758166718119885,0.04254871592176234,0.036977286508555654,0.03202809332065525,0.037834584749959994,0.044292133656241434,0.02957053404029472,0.03809919826780521,0.03813154963838739,0.03919951039038179,0.01877648192910497,0.01976280960533122
85,5320,0.0035946951766406532,0.001481451979579817,0.00020138326955384224,0.0010063512092687524,0.0006231806255397136,0.00024220297194681764,0.0017565748942878327,0.011269763513156691,0.02480020147643975,0.024927170501661475,0.028748998421641456,0.032162104275836885,0.026277019246791614,0.03039965037317915,0.02710495401097262,0.029336572434549867,0.035397183524996455,0.02983971109612728,0.028420987012645626,0.03516097156338257,0.025031964857716176,0.020315994775062518,0.02488702652685246,0.012230110498091395
86,5321,0.0005773396678665078,0.00026139414126106233,6.344765048129805e-05,0.00013453530362545922,0.00013218587182512224,0.0002956603831323272,0.0006117443225792793,0.0035633174013623304,0.00951572696013333,0.01205772834602605,0.01702500008504155,0.0179980793737557,0.016379215507201204,0.013785132217790921,0.016524207602819998,0.01508234367399107,0.01733853784374622,0.014750939029576143,0.010833164766183746,0.011472446233481743,0.009947711388844292,0.006753164744280891,0.00768073865131908,0.0031639673826066744
87,5322,0.002013307407269095,0.0008563665993639,0.00012181772344087709,0.00016993616248000193,0.00019965119894716572,0.0007023344937653171,0.001563553508470234,0.00954013775896945,0.020375330063830688,0.020552796302667264,0.023449257814455615,0.023169641235866466,0.022903259417855152,0.020752914088217216,0.0218708418776554,0.02051266120441969,0.024203020020434025,0.02414311111841146,0.01843706644380121,0.016777234191038572,0.012105386654509978,0.012195622264755452,0.006383273091181541,0.003957739573257333
88,5323,0.0018125268877428851,6.431073066374533e-06,0.0005127649907750194,0.0,4.118163630253784e-05,0.0010070378735150267,0.001183325408394453,0.007190603767904829,0.012415622723309578,0.014496793938325845,0.013114876561366775,0.01142138113435424,0.013355288451313351,0.01241830356309037,0.018834131801916856,0.01142358944781929,0.012928885190382574,0.019723544466044535,0.015246853636461133,0.016590615650803112,0.008005209406502796,0.006704611179581883,0.006182878645397314,0.002467644920961313
89,5324,0.0013943257985111082,2.0944083576185292e-06,0.0005058981540794301,0.0,5.893363151663681e-05,0.0010674540991865594,0.0011585511112565746,0.0067999572696926525,0.012159964875310802,0.014102654335053626,0.013630527037967254,0.012148553934357778,0.013138951906567239,0.011458846336429379,0.01935304979796198,0.011347049391133294,0.012444838234115432,0.019002860399128324,0.014710968921403948,0.015002719514931573,0.008423352596898906,0.0057995028323938195,0.005716946150657793,0.0029137569565770714
90,5432,0.0026752627094754127,0.0004851256772090732,0.00012773672577308409,0.000170522674387775,0.0005422689575109177,0.0028734790330538773,0.0009214385145143602,0.009596620360290246,0.026138836137684064,0.024100810540850448,0.02721771353913309,0.031026119122103606,0.029023165420213402,0.03326914516078958,0.03519910997593539,0.03052883376202282,0.036077948271798124,0.03645115229790696,0.0255013539204202,0.028346841816853884,0.025720618630678545,0.022103249043885137,0.019284789594238058,0.007499135679757235
91,5433,0.006429968760161675,0.0014430213547444437,0.00015277840862397117,0.0014755662014681815,0.0007086933568621947,0.0031237594397297516,0.0047928813044434875,0.02386880045579834,0.05044150486637153,0.057177598783240836,0.05826072743726989,0.06253304774930288,0.057481918228421656,0.04942528038218669,0.05506768743385309,0.05510005579334856,0.060956826388022745,0.06824511479561289,0.040738579714086995,0.0399263793308055,0.03438779567905423,0.026699131104433095,0.01763772338584638,0.00890260027538099
92,5434,0.01188314725017722,0.0031310777821496054,0.0035034714282446864,0.003338598832582079,0.006375636395847065,0.004619364451302836,0.012100787540710554,0.05791828915244834,0.21435873516711285,0.2607591747733749,0.28884352354927306,0.2932264342317917,0.25779079968035207,0.26101004512319054,0.2667165631622374,0.35808841425832877,0.3043434907603965,0.2815754565533017,0.20119860596491895,0.12016366085603673,0.08953332003624231,0.08432192428130057,0.062169965080757325,0.037724644645135565
93,5435,0.005478578893347366,0.0027551169562943043,0.0014695192828795979,0.0010332838565063574,0.0009609079253503813,0.0017891625982878435,0.0047657312805708405,0.026470395643807428,0.06900654188964467,0.07444564231557718,0.09476966661603473,0.09096124102623364,0.08297446903461063,0.06930962922445254,0.0843886870177286,0.0916805104545958,0.09124315062049708,0.09104205874820047,0.06960501669616026,0.05249311586049227,0.052382868457636435,0.055054902090675935,0.027029318841119435,0.01873488965961199
94,5436,0.004597305706515076,0.0010073222725746538,0.0005096574480930765,1.7065984051995096e-05,0.00011072126351029312,0.0006232913073346758,0.0028600020558865237,0.013657031881856501,0.03533779678125095,0.039169869660002805,0.03458856652292966,0.039653423590216376,0.029564219764601267,0.03599621190828104,0.036821672677653586,0.04004566997558597,0.041269983832722706,0.039528476952565485,0.029985060525096818,0.027672865966586017,0.028982305385938906,0.033766318057975926,0.01987257904864057,0.012656760005136308
95,5437,0.004449645951309556,0.0019473382959216354,0.00021928771120570268,0.0005482592403663936,0.0008825253284701249,0.000610531275577803,0.0021619881190910097,0.012169775783240105,0.030336350767624365,0.02984250031743223,0.03590855298082391,0.03877418020367467,0.030133016463872623,0.036053707646726586,0.031907298176752974,0.03464091683176408,0.03636033718495031,0.033667283326746185,0.03462255559748936,0.0410139192358326,0.028945889625488355,0.02553656876724751,0.025125727364327093,0.013037728907314224
96,5438,0.0035128717266567494,0.0008661434301278531,0.0002033194323680829,0.0010599657134909579,0.0008021007273659898,0.00029705028042683934,0.0017511996188544075,0.009535791535215707,0.025224039271991603,0.02547865511919685,0.028870523425900085,0.029771743477378012,0.025975975971719217,0.03189666661202744,0.025199954179893107,0.028675156260457125,0.03402753342356403,0.029602373813825578,0.030070171784723775,0.03650642660293652,0.02520710070907161,0.020171164649134397,0.021202806196348054,0.011985412112314091
97,5439,0.001512636619968228,1.084380066326669e-05,0.0003635594165711405,2.567580291809191e-05,1.5869656025977807e-05,0.0012541324278619612,0.0010703937195293922,0.007832505163302255,0.013585116504985605,0.012679779481077633,0.01123180123849589,0.010976727622716858,0.013188115094822024,0.013861928017380749,0.01732242486296478,0.011205337281972382,0.01321871040965389,0.01897058164177744,0.014666698355938427,0.01576152532509242,0.0068843478005030725,0.005948350237610503,0.006453273975348067,0.002682437048719347
98,5440,0.0016731898428086638,9.935731570118824e-06,0.0005670194919763982,3.7580118580611828e-06,2.0604281335335868e-05,0.001168585717763456,0.0010483247335946523,0.007619288924342031,0.013470568559339695,0.015582882577748682,0.014324174732962693,0.012846455584128884,0.01423763993185031,0.01330684775190245,0.0210106868950552,0.012340222632743402,0.014051725388708351,0.021568840582943914,0.01662386107845996,0.017590588696150555,0.008533533970622965,0.006689169917470902,0.006930281247611317,0.002679561360412985
99,5441,0.0017322307856003254,9.815751433957606e-06,0.0005677846248032363,1.3237508806529165e-06,4.503226567723511e-05,0.001065657279475891,0.0010898993778556587,0.007230609127949534,0.01214784425942437,0.01466598145254936,0.013252634631647352,0.011507115827406702,0.013230958195834367,0.01199797016385499,0.018645890734040316,0.010968834503425869,0.012982990383106274,0.019492465531750044,0.015083425832860394,0.016010182352695804,0.0075885226878668445,0.005929994672696026,0.0055845857569972075,0.0024655622664068837
