,cellid,callin0,callin1,callin2,callin3,callin4,callin5,callin6,callin7,callin8,callin9,callin10,callin11,callin12,callin13,callin14,callin15,callin16,callin17,callin18,callin19,callin20,callin21,callin22,callin23
0,4379,0.0002038441577265595,0.0007158471832735805,0.00011772005873503655,0.0,0.0,0.0003239790995997816,0.0001491781643027379,0.0020929659029211814,0.010769265009792122,0.011923218065855999,0.00932007335914368,0.011826807201651997,0.008849028456732539,0.010106503161814159,0.010477145465816818,0.009149589716643942,0.013073470651481981,0.010728187039052609,0.009591163070001912,0.008018311706838742,0.0049548417696849345,0.0031834243087743323,0.0014432041763108579,0.00048247418650547316
1,4380,0.0013113871215501417,0.000461628148216484,0.00027678602253282717,0.0,0.00010068221734604125,0.00038849957752522295,0.0003342064681777914,0.004637979340391078,0.017426942133098818,0.018756530378009555,0.016947463167601547,0.018859901068049374,0.014416367784737542,0.014417069422360589,0.019250801385256623,0.014708313843854374,0.017623321972512474,0.016722509392174113,0.013522436996895858,0.013662022855415897,0.008128061834990423,0.004872701002433597,0.002610084117516718,0.0010605597732176568
2,4381,0.0003639914128402558,0.00024898960977463765,0.0,0.0,0.0,0.00021752473097370434,0.0004989808667652224,0.004746892495333169,0.0089076554963968,0.014253233597403443,0.011185768441253498,0.015690504863435855,0.01177652193092897,0.007951050005197245,0.011267116384033622,0.01098751292732396,0.011553561349938147,0.011800732152541816,0.008018408975772285,0.007783462055899019,0.004719998678704444,0.002418194077299525,0.000903557803396764,0.0006185200337830397
3,4382,0.0015014103200873615,0.0009152445537092807,0.0,0.0,0.0,0.0015014103200873615,0.002771414196116167,0.010942657566300886,0.027945098616740424,0.04082545004720311,0.03804450343761635,0.03520013556045898,0.03563862543239766,0.02766485838073123,0.030660781701434787,0.031120921677857703,0.04603314675124382,0.046125069008613434,0.04855968409006645,0.024682396405660473,0.020695406068554207,0.009118711769868322,0.004223146711787098,0.004496231870452716
4,4383,0.0016465223558873928,0.0008634570507412437,1.4065945790500347e-05,0.0,3.518924013891944e-05,0.001549533868969753,0.0026508646051968325,0.011640843041808143,0.03177612301762665,0.04263664491083717,0.04205944794105707,0.03724808170252334,0.03866179808076386,0.030447641130113362,0.032005778166311116,0.033411916245280046,0.04676247701570085,0.04655541469720204,0.051327509999997974,0.0259459296261006,0.021297445865071082,0.010219028928198225,0.004508342544568028,0.005044509474771486
5,4384,0.0010824568141828113,0.0006949010355594013,0.00010382112560926224,8.758840616575726e-06,0.0,0.0007889166027434518,0.001920513844585295,0.007825922023554388,0.02508890062593549,0.03602510390380029,0.03521920229780784,0.029404542251166545,0.0259110831723558,0.02138972347992088,0.023773687828226912,0.02397529467149333,0.034204899115828996,0.03220916258928852,0.03359688830146874,0.01838479807141705,0.015326721688715288,0.007452548110641699,0.003552517643039164,0.0028140108981219458
6,4385,0.0007728394719843842,0.0007272489869987053,8.401783304189352e-05,4.163142382810006e-06,0.0,0.0005596457266820229,0.002051868995795448,0.006136868768428625,0.017823998290266173,0.026883641761846773,0.027026055923528258,0.02484515857446088,0.018334281090114233,0.0142696991448095,0.017682428516497033,0.019087939843282616,0.02919931488607903,0.024367701184149167,0.02310659980767143,0.013309102306064528,0.011482740090115068,0.004713223809832761,0.003151064591300568,0.0016264712476335673
7,4386,0.00019342920924047524,0.00031390652950995143,0.0,1.0751621759533923e-05,1.0751621759533923e-05,0.00019342920924047513,0.0012686252448427787,0.0032339812962793443,0.007382455220021007,0.009169605677006355,0.010633675705620618,0.011680030156962593,0.00965350560559083,0.006556168042275865,0.007379005062426582,0.010719127456030764,0.015647975365974492,0.012526192864643815,0.011806851831068287,0.007188411921422515,0.004880657703576127,0.0015409186926402807,0.0017979314800513518,0.0005150463438541557
8,4387,1.6260851723468788e-06,1.6260851723468788e-06,1.34064918014413e-07,1.6260851723468788e-06,1.6260851723468788e-06,1.7601500903612916e-06,0.0013595384719088256,0.003817356266825627,0.008508484951472252,0.007662379004454552,0.010588709877046526,0.012898988568857772,0.009680403256728148,0.005718048758083108,0.005378562170735577,0.012521479371729104,0.017696549593145563,0.011483217224892662,0.011355047735363853,0.008713856007641655,0.0023323919994248147,0.00040760238107755007,0.002090977542588925,7.787601719277816e-06
9,4388,0.0,2.623049739171658e-06,0.00023873259759615674,0.0,0.0,0.00023873259759615674,0.00010551053095210095,0.002146832085521696,0.00468553630200708,0.005279794006777309,0.006872708452242802,0.007986248716859781,0.004866606583257348,0.005541817808869369,0.007537570120767723,0.007309281862936858,0.007221760965357918,0.00816353113148008,0.0065183790996297935,0.005998334594761475,0.002753356465253628,0.002133453503803488,0.0007454573148112949,2.623049739171658e-06
10,4496,0.0005721278900860056,0.0008193436285893323,0.0003590721093503113,5.851404951214788e-06,0.0,0.0003018498684995531,0.0016022470586091922,0.0052316881401205835,0.027172867432356185,0.03547065787144359,0.038054660240511795,0.043182683825276465,0.03072941617141093,0.027272157614951668,0.029019453021747934,0.031920917249267815,0.037673195511879254,0.0289831059833099,0.030446340743723176,0.020185500526878758,0.01565924561349216,0.007450836155113205,0.005731006127747362,0.0017457704000529957
11,4497,0.0017499779225485612,0.0008092331279923739,9.308078554794373e-05,4.1047365533400384e-05,0.0,0.0003846064772004769,0.0009104200477165367,0.007747433164240245,0.026861058526544856,0.029498966009324407,0.024424441529996167,0.027221745982378236,0.02462931027303018,0.02314573880948962,0.03114174591557926,0.02004969429452573,0.024415607411647857,0.027133911085145256,0.01873975975488798,0.022587457579422623,0.009901513194651636,0.005847605612627971,0.0038559150838834194,0.0022791095591670686
12,4498,0.001985537230010947,0.0015497481811560662,0.0,0.0,0.0,0.0008500794994724177,0.00020172949312840223,0.007708703020482796,0.03512534905639434,0.03492809845072311,0.024337122757346216,0.031178007678642834,0.027847045003721833,0.0257827407998337,0.036303342047255785,0.02225826405297229,0.025805117622193514,0.03179432121224735,0.02137978362385105,0.026066005381929002,0.011591021185301496,0.006817121813955949,0.004798646880003861,0.0022160585700786778
13,4499,0.0016255205447652079,0.0012456166650155528,0.0,0.0,0.0,0.0012528445412217338,0.002371941758692604,0.011157772154166603,0.03244710465046439,0.04086180845911562,0.03818558825255875,0.03556657411931736,0.03619537615160164,0.030950151831815372,0.03427892968400685,0.03294823263304694,0.043654428545622376,0.04681422917955776,0.04796004372630246,0.028663922577070025,0.021096191948927194,0.00994944375387059,0.0046057368660586745,0.004263278155702566
14,4500,0.003962669382453556,0.001259263672514183,0.0011326333942106846,0.0003017055715206752,0.00016678892581515212,0.0016583207124156122,0.0027149082628609832,0.01840899861391771,0.05645573452806109,0.08015810361074728,0.07719384235401468,0.07498681739487001,0.06896437161217334,0.05866652574665991,0.06255197915561163,0.06856050246955576,0.08389514835831588,0.08021363260530125,0.07967829415429133,0.05121334133980922,0.04422129668072499,0.024207233911615295,0.01110422489945217,0.010018951220277359
15,4501,0.001519914303993146,0.0007582570023119929,0.0002678581351150735,4.1579332539958694e-05,0.00017681118436747652,0.0005725244453197642,0.0015228066022744168,0.008098206510487005,0.028122829816264402,0.03822345400555081,0.038755247940533095,0.03489378395115267,0.025380098105131334,0.02431814420528904,0.025208695952633052,0.02742956377240175,0.034210212678316566,0.033593714802717466,0.03223534561783875,0.019035194049189692,0.015973019019701076,0.009526085190733549,0.004554757435490808,0.0026175910770814222
16,4502,0.0008649506455845071,0.00028616830463204496,1.9256809793696705e-05,0.0001242373014292726,0.00011088480863875572,0.000547993255516417,0.0014462877098890504,0.005667256180860081,0.016212745294926303,0.02158652302816794,0.022249237634250917,0.018822684961454283,0.019021137020994425,0.015355932828618505,0.0175397547832093,0.01674478696226233,0.022198253253610592,0.021453078825613568,0.02354915247650544,0.012519685737875666,0.010377804577890327,0.004830367714806143,0.002460528694037537,0.0021180701596250533
17,4503,0.0010512061058760517,0.000405616493534131,0.00010134648515447236,0.0001515406630577723,0.00016101105509907767,0.0008016787089382773,0.001364942627564992,0.006649487590912346,0.022523778853948913,0.030449200199081844,0.02962671408387171,0.024006590400603597,0.022054929228276586,0.016169981487881707,0.01868359129595299,0.01827112056610856,0.024406154759087237,0.026343828190241884,0.026877453557243604,0.015493278414156346,0.01248189098163548,0.0050299665596899535,0.0022106223935167268,0.00260680257510328
18,4504,0.00010474464107400365,0.00015156726742470035,1.011551841057337e-05,9.776684117681447e-05,0.00010102099959368852,0.00010953330580927577,0.0005199872969853947,0.001806406805791875,0.004643397235484487,0.005130121625914957,0.005702081941779153,0.006317725827434728,0.0060256842420580966,0.0035620883292600976,0.003905093811095749,0.005914074611470609,0.006720550995811445,0.007568832111141642,0.005831367348179738,0.0045892149077931405,0.0032113855721043675,0.0008980101508715655,0.0007237221114758577,0.00026257137775563446
19,4505,2.2637277550858863e-05,6.886560446497452e-05,0.00021545002060935752,0.0,6.373235531163243e-06,0.0002642421466684444,5.516536159025019e-05,0.001967619542835256,0.004846538311906951,0.005404617663638501,0.006672838664941656,0.0075265231489421835,0.004520369032945667,0.005441148263928634,0.007165166043153043,0.0067601852502129625,0.006506258828866813,0.007977292285903066,0.00627571470001265,0.005614528011543855,0.002955424311347345,0.0022145467487843114,0.0006734892925471647,5.6119133402647784e-05
20,4613,0.002819763972510269,0.0010607757324278997,0.0005207532951763881,0.00021237873249591293,0.00015102332600511434,0.0015698571566255524,0.0038276510396994456,0.012805048766436978,0.058171639925703456,0.07307254796734082,0.0888109290686616,0.09018193881100721,0.06852102044042074,0.05376063415256327,0.06159415697757149,0.07176052872573624,0.07167009091842519,0.06783457676085695,0.059923765297308515,0.04553617740100828,0.030515383988346852,0.015658982165837804,0.010174050852096104,0.0040162890169939585
21,4614,0.001829881286572839,0.0009040906463851068,0.00021647074080041756,0.0002614706608262144,3.2821467879553603e-06,0.0003506677332252412,0.001149319799479708,0.00796432617433977,0.026253234785268757,0.028244384465355737,0.027705074367953775,0.02939088483573506,0.02553112462779595,0.025222259924484534,0.02752246978030465,0.02229745150397308,0.029909219161027165,0.027356905021783347,0.02301374863263644,0.021127926773238204,0.01126036322271639,0.00689030040531627,0.0041374979912035224,0.0024117785900429852
22,4615,0.0015990417526197123,0.0013163763612055487,0.00010909144615637937,0.0001540782540430573,2.085369449152439e-05,0.0005156487194229562,0.0008461761555552319,0.008223820977117711,0.032276224034785916,0.03608469297584296,0.027212096424310075,0.0309657209802549,0.025968834419206045,0.02469102688387095,0.03526163461848433,0.027093518728525792,0.030444574920983927,0.030513238849257357,0.022856505772617202,0.02440134097782069,0.011967547138661045,0.007504993031406457,0.0050458579189553085,0.001967368565404665
23,4616,0.0013174161157154711,0.0018746099833637218,8.273112432895022e-05,0.0,0.0,0.00026054589508183194,0.001773089312632703,0.008755524677809946,0.03190836797371987,0.037593498839837924,0.03123466978566488,0.03214586378901432,0.02620950416049172,0.028864285102719493,0.03566869306575764,0.03537192608388058,0.03781858366936589,0.036259946826931386,0.030726974535903805,0.02725222255825628,0.0162197111545226,0.00796915896695566,0.004636771148209399,0.001629528012522553
24,4617,0.0025457421819226234,0.0010463740943499023,0.0009632799536443901,7.092320598130192e-05,0.0004186492951299758,0.0011532543729464966,0.003856340407731515,0.017253281777122764,0.07165600814299518,0.10508791907549707,0.10534838486343033,0.08587554251968692,0.0580023617381274,0.048180439059307766,0.05673004634888024,0.06074558779043848,0.07652569427435983,0.06822216533497522,0.06516115617012506,0.04380740260268649,0.03477865875399295,0.016883749515605548,0.00983886150344437,0.005430611237325513
25,4618,0.001773219885768156,0.0013844311004645416,0.0006533225070302454,8.085021587374671e-05,0.0007515307498693498,0.0008033203726177013,0.0023110813374096957,0.012601304546253666,0.04556654475824835,0.05650194788862835,0.0605811531310988,0.058287408128019635,0.0490447423947618,0.04673443181483085,0.04624870093269213,0.05359306163850377,0.05644160765951816,0.05926764136190191,0.0557529861473771,0.03829651930961109,0.0308239808931427,0.019931781685916573,0.009223151216609155,0.005687582806261199
26,4619,0.0018573751137969186,0.0007505764648233853,0.0011701808400065507,0.0003356970031860665,0.00027651870920682837,0.0009160966137393083,0.001833586641264606,0.012071148600317735,0.03918992239266726,0.05448771011961848,0.055384187693881516,0.059320927567863335,0.053653898042909674,0.04814739276011006,0.05041417214974108,0.05049917839234748,0.0562866363892994,0.05664001298826975,0.05254435030322851,0.03905802628841539,0.032799200898603914,0.021510399161693696,0.00941177926233247,0.007910350482610727
27,4620,0.0008098442785852025,0.00047888023269968704,0.00014067379671901903,0.00017829438943308104,0.00021356173128275348,0.0006044126311641403,0.0015247739307368603,0.008167388850934073,0.02711395626609853,0.03415097613934092,0.030282879415570337,0.03200949366071041,0.027992200511275545,0.023781427513110808,0.025196149263323937,0.025012730809384424,0.03437751427926084,0.039391635942083815,0.036083064357090876,0.01998853982386206,0.014014245826095457,0.007242902349919798,0.004035840089352274,0.0026939277831354463
28,4621,0.00030613626298461324,0.0003518561196536912,1.7499515525000987e-05,0.0002774610574937491,0.00028453612811441567,0.00032153801298011656,0.0005984655741284656,0.0024299318409181023,0.005876945225860513,0.008380312269203053,0.00620816246676232,0.006694291679412137,0.01001198399637686,0.005321074534103594,0.0049948834427191845,0.005369906937498701,0.006012362261082339,0.011673038363924184,0.007652402135321106,0.0061963145713485775,0.006013572856523553,0.0014732350082503661,0.00022226957249664217,0.0006556768495470057
29,4622,7.995929810765123e-05,0.0002158210555815265,3.484632777884704e-05,1.297384983486596e-05,2.3867737094518536e-05,0.000211554211054512,0.00028162344876705476,0.0015787374043183223,0.005913703562216334,0.007113563517710899,0.007034553720947598,0.00794883047228899,0.005741598917751302,0.005689797603262285,0.0047528640440206785,0.005388654700623461,0.006918933451485921,0.00827781442905584,0.006516248763706555,0.0047381558594999,0.0038421690147717093,0.0020898672211087247,0.0008641687110862704,0.00022519760451427537
30,4730,0.00042811603309345504,0.0005272723781574307,0.00012627096292089373,0.00017671292507812222,3.288479052381807e-05,8.923780643456698e-05,0.0025178309386752833,0.008817838947880368,0.03459511210276403,0.04171661431411895,0.048732552103041844,0.04913076306610182,0.04047108644730008,0.036327142021661735,0.03493961237762585,0.04012964666183453,0.04356023214793747,0.03790046568178104,0.039793017415179044,0.029762575043993537,0.019547094118847162,0.009664202083062675,0.008162040099638624,0.003010669890098763
31,4731,0.0011003564529058095,0.00041032592973930774,0.0002006133822594372,0.0012143960625188256,0.0,0.0001460136114597518,0.0009305893914037821,0.010915000456682315,0.03292262653474805,0.034725265990297106,0.037725552198380995,0.0383167884106499,0.03769146996253184,0.034497663582226494,0.02779598098883224,0.03169789524731593,0.04235484959005331,0.03789677170129147,0.03862778512120659,0.028965690948735204,0.018863372588193504,0.013277170238870125,0.005927601007786901,0.003205579081715172
32,4732,0.0013187009293712353,0.0010578007968338522,8.269283740365885e-05,0.00022105726324234143,2.832099159013782e-05,0.00014915831210336858,0.0011950475528868525,0.011181814389416104,0.03507388263368494,0.044791834538798994,0.03700553831791511,0.03505509989870808,0.025277697069503405,0.023274641090869148,0.04153555295784294,0.037128099849633306,0.04173032206600823,0.029038508748364344,0.024192905334580912,0.02160951066902743,0.012861490796465466,0.0071434903485794584,0.005985972455285484,0.001144963687637861
33,4733,0.0009283959650037253,0.0016233059788914026,8.743984250404288e-05,2.100644209401835e-06,0.00011701296151226023,0.00016970158448060621,0.0015743296295208037,0.00588496673008833,0.028141620323666124,0.03962555951304089,0.03151466668210101,0.03322410129331375,0.025645297799024795,0.02440900410477696,0.03178022325584855,0.037060916059885964,0.03974100154583904,0.03528312859968775,0.025962599714810134,0.02166258376835691,0.01159823878459962,0.005106016008641431,0.003007234781248892,0.001223569385668846
34,4734,0.0019819820299063796,0.0011142951419883841,0.0003573717057960528,4.5900743544204007e-07,0.0,0.0005109327429033391,0.002104229378599173,0.012111226531357105,0.047216208753078116,0.07055390170970546,0.06893353661818542,0.05632802167161611,0.036913379369521285,0.02998828716040292,0.03669062864698763,0.04024664459068431,0.051676318679878645,0.04943617942828935,0.04356248320921339,0.03025013510722721,0.02394730766526202,0.012522614398055746,0.0052617965457513165,0.003446698010240955
35,4735,0.0022834501881820214,0.0012735239296035245,0.00031395149917201403,0.0001418470820634521,0.0004259727260322809,0.0005353927568086485,0.0010988710499254101,0.012067816345452146,0.0315990986057273,0.03746996938311166,0.040497443081428004,0.04665667746885091,0.039911337981600806,0.040199295161287125,0.03298667052741955,0.04394324960324853,0.04445840513545193,0.05130013202333584,0.044630580501537315,0.031309232808145404,0.029030819362845628,0.018334293645378287,0.008196576161723194,0.0030829962499344023
36,4736,0.0010601717024713024,0.0005433223248956297,0.0005428161727286424,0.00015116593539451765,0.0005247468206672036,0.0012710576333506026,0.0014935736430309362,0.0076838284419284905,0.024257536300888508,0.04245434609661239,0.04221718114645234,0.04746641287306228,0.03774346057889926,0.03419842896748126,0.033936909719669305,0.036332253183926605,0.04144565807190686,0.04455700219488906,0.03703138171022092,0.023722567239460948,0.01633966113152397,0.013803476590047338,0.007544934089774231,0.0036167981141395386
37,4737,9.721017617176111e-05,0.000625457432865421,9.795597695933837e-06,3.2958346468200926e-06,1.401420349831195e-05,0.00028040859495607594,0.001953437317685513,0.010338402490925548,0.04237884925644269,0.06167860969488724,0.051553640245459026,0.06610877086759022,0.05158467957732108,0.04540033737903387,0.04765384058534756,0.0474753031503519,0.06970713527059928,0.06817315780961328,0.05766419726272108,0.03181514804560093,0.02460887803468449,0.013608051166152397,0.010358152501134288,0.004527979257929617
38,4738,0.00048644696282663843,0.00018065187654420548,4.853443810207062e-06,7.38885152037138e-05,0.000263825273418824,0.00032079553490823876,0.0006377488265393687,0.004821274565927346,0.015044030503972312,0.02506288799287209,0.02444735569066595,0.02316242658674897,0.02302820376363677,0.016733811163559265,0.017204459442074185,0.020274325653073626,0.023132680503518636,0.0256241760589619,0.019681457458284278,0.012504320457783368,0.0072463682072473395,0.003464341646476799,0.002105739410531822,0.0011969386641598099
39,4739,0.0002203174014704341,0.00037689853341763463,3.1772383215212276e-05,3.130591065030566e-05,4.2320751095050794e-05,0.0003004898282649651,0.0004091045548119195,0.0032825685169166285,0.009497000882290356,0.011842350964568175,0.011621117346133213,0.010936039566098048,0.009373059916508986,0.0083267143731023,0.007807388010579097,0.010234728736871155,0.011242408796115412,0.013839196477875165,0.01104320453565752,0.007830334848206232,0.005633145284206001,0.0025092921421164187,0.001200728622340709,0.0005357940421485413
40,4847,0.0013645717797050793,0.001323825286383374,0.0003738920250198459,0.00014022122596603297,0.0003291234386376886,0.00040491449615964216,0.0009836434276959227,0.012111201149950112,0.043985803042959064,0.05911166144491005,0.06366020904547093,0.05607465751562081,0.048154123469394086,0.05415871278443529,0.049900657916000235,0.05647397562455765,0.05082102374207482,0.050059951515638364,0.04301512600483688,0.02722459692970363,0.0186921182471196,0.010989880067118648,0.00665450712427739,0.004856348337720641
41,4848,0.003462444895940822,0.001984705333910883,0.00012668525218151002,0.0005929288034662922,3.2493516693006858e-06,0.0001025766139423294,0.0019103955150674853,0.014596647579407662,0.04111328351733143,0.04082963908211041,0.05810381529096971,0.04568182365239041,0.040211521081131414,0.03517267668603969,0.03384822155144567,0.045386684276221195,0.05899335763756765,0.07589262195986106,0.06356458267064027,0.032385849823671195,0.018360653612360837,0.013687406166194594,0.009695126558553053,0.016298431486697254
42,4849,0.0012287422123402922,0.001600165077162491,0.0006777312556821044,0.00021777685356534905,0.0006655233665187952,0.001160131204775196,0.0021043295362093354,0.018795994201935628,0.07106943950657445,0.09989462550187135,0.12296743676271905,0.09885828589511735,0.06366648832841204,0.04962865570000417,0.06637049906404846,0.08052393773879886,0.10276331192220245,0.14078967678034165,0.1071331159584938,0.04273708638371186,0.032024958279649456,0.018684893570259063,0.012496057631458151,0.027314861393980108
43,4850,0.0016325015319625298,0.002216652042220641,0.0002888543909381597,0.0,0.002507839564359911,0.0012896298558703928,0.00693097751647315,0.0243440533922438,0.12720944195212752,0.1993694865895476,0.18320468841497534,0.17586124633128988,0.15222180137453514,0.14726718186624901,0.14212466901470927,0.2069075279009385,0.1733849711438529,0.15605899484155333,0.14211120664189492,0.07258669643737614,0.053436617848132896,0.020979701489679457,0.014585287108538535,0.008151020669380704
44,4851,0.0018759284238695473,0.0024476059521787476,0.0,0.0004815740392588156,0.0,0.00017812638068047097,0.003119225039610347,0.018708758279462865,0.05125640112984271,0.08007357825327521,0.07043166239948233,0.07912565215769343,0.07400357624585144,0.07429857585919934,0.05230266509365527,0.07272958594843594,0.07941912668931696,0.06377407784359557,0.07199550730558409,0.05460189529934847,0.0462908709218597,0.02135935115994949,0.01575877857850412,0.004734212789965094
45,4852,0.001860172953348189,0.0007491619515490401,7.346667631964823e-05,0.00031502380430582555,2.1949912658398802e-05,0.00016430018328554788,0.0012386349919389055,0.010236240702868141,0.02864829958017607,0.041926066617701714,0.04243975894337062,0.04895569006183982,0.04072597496065858,0.04155768215104203,0.02924409033580555,0.037592075538119975,0.04393219290354368,0.03851194974178886,0.03827679485765783,0.025874439158713968,0.024863297203270355,0.014858778445805182,0.006847101463985097,0.0017245046205939297
46,4853,0.0027650802451815396,0.0009185611734097959,0.0008726138713929221,0.0,0.0003992404047898008,0.0019050628569060883,0.002792533039358722,0.009944263507255354,0.025891892463999748,0.043774091526478084,0.04638570786369942,0.05289768899458605,0.04289102433647213,0.042315682118009776,0.03976960620241059,0.04270150139755597,0.044384797459326185,0.04852368241717462,0.03975198436386091,0.031158456719102626,0.021263529701534854,0.018841884527892906,0.010961873217999261,0.004138379682706582
47,4854,0.002966992953085726,0.0010647353649860026,0.0009484735181967786,0.00014125237173746936,0.00044016892357200046,0.002003577683467985,0.003482696914601964,0.012961339782736994,0.04929760351826307,0.08375990499678093,0.07622059631228409,0.09391213351501795,0.07658646824432544,0.06546001068275299,0.06216203078085067,0.066612591448745,0.08067757696009129,0.07918350186764048,0.06838136642880806,0.041766506108942295,0.028528055600712626,0.020279575095025277,0.014789029058436267,0.006992027484132297
48,4855,0.000500644478698218,0.00040137168565156236,2.931777281261861e-05,6.306944084688093e-05,0.000186291949706232,0.0003981429555211866,0.001133870826885994,0.006652816816468361,0.024745970386628506,0.04224437771082539,0.04161137530604183,0.04207384723005152,0.037123008642173015,0.02867728766781687,0.027066693806030207,0.03196207378160574,0.04110500320359548,0.03613902027493379,0.0313408512451212,0.017575644911030724,0.010982715805846663,0.0049899443818063475,0.0035227572390881543,0.0021113682356628106
49,4856,0.00039253257143240786,0.0004732189112180322,0.0,1.1553250379906298e-05,8.991049137036405e-06,0.0003267894203593363,0.0006866879763457557,0.004851922903533488,0.012397310646454208,0.014925200248839176,0.015822180901945863,0.013307024614818813,0.010380484645299939,0.010379116912377013,0.009975262473847063,0.013906436625654692,0.017442516978442263,0.016467641355801813,0.014213197322566363,0.008613903721559802,0.006964612547589683,0.0031809110635245556,0.0013339564487610182,0.0006184785411949793
50,4964,0.0045513344685630674,0.0009003685306774294,0.0012859961614533743,0.0002960737924410217,0.0009678533741287589,0.0012885522506799892,0.003746500941703298,0.024964173114020365,0.08025786817587624,0.10506362509907452,0.11424088793553729,0.10254847826566106,0.08043231577940685,0.07351356091666643,0.08017567535512977,0.09470751329956636,0.08939793189336623,0.08354246164795726,0.06564076606027539,0.05098593157208874,0.034203377646499826,0.01943435516083219,0.007324289716204096,0.006507571607576143
51,4965,0.003871949589855557,0.0018041407414489691,0.0005173111114486077,0.0002869220070316714,4.069262669195058e-05,1.3219579283214147e-05,0.0020744044796155436,0.02181141134617618,0.07611262552574524,0.07687436928385194,0.10786933630234032,0.09444563502125172,0.07433316051517301,0.06262331137058713,0.062026395141187136,0.0786408114549941,0.0939584754224846,0.10875455672354745,0.08158780049902302,0.04438700524513853,0.030155908085706666,0.01761692729733391,0.013307890451817912,0.015818729354205856
52,4966,0.005607426375957175,0.002575261979932594,0.0003330104245437471,6.918302535174641e-07,0.00010068221735741025,0.0018435987815869192,0.003234756676147542,0.03569459811375652,0.1315363605410791,0.13526878162426653,0.18352555678042323,0.17717168192853422,0.1475624648152215,0.11146344137264458,0.11503713198113472,0.13947980214675973,0.18078866371832986,0.23911635530046418,0.17956328278907321,0.11914478842074665,0.08389672880781435,0.06781509469265011,0.03312209107412373,0.042528232910006424
53,4967,0.01541837652853479,0.0031722500379911586,0.008930984331031733,8.687201636801283e-05,0.0016004094826038134,0.005605406793654756,0.019484040617523058,0.10094334614524027,0.38062637312733466,0.4584350450451668,0.4595634285227776,0.502922521915768,0.49392138676161856,0.37112660750581616,0.4119285950218251,0.40050212073684327,0.47832520504644827,0.47187639945702353,0.3644888124169452,0.32737817255977875,0.22277601895840501,0.12424095740867254,0.07579993198410949,0.04959470434756678
54,4968,0.0018102353158810874,0.0011895039691108414,0.0010557016694025302,0.0015471634117336474,5.829856718747728e-05,0.0004897990221303269,0.004105145648417516,0.023674653548721374,0.06882179894648914,0.09520375885365459,0.10546539493374775,0.10937462488153141,0.10346453664434702,0.09074774108537524,0.08638312359718726,0.08096966098622868,0.11593172859474374,0.09092510866445382,0.09579797180546812,0.08998237725261655,0.06009748805280208,0.026989819597453883,0.019073801999190444,0.008951946705317945
55,4969,0.000779569205143549,0.00046164477230835853,0.00045268625049239223,0.00022768321270226662,1.4738566263910654e-05,0.000159455214425238,0.001241517724255152,0.008248575549635165,0.02849272036723935,0.042333014616924264,0.04757315557413139,0.05231248202162668,0.0469993939219567,0.044278717436884496,0.038709507900891324,0.03891327896899341,0.0456112804261703,0.04424628472964623,0.047176656794533554,0.03738281728000337,0.02380420243870949,0.01654485316393187,0.00494051591963072,0.0020213043674070334
56,4970,0.0031061326651212013,0.0013472610041020724,0.001777727048967446,0.0,0.0011862036084012294,0.0030076135043328907,0.004291188678485508,0.019530508164717224,0.045697123449201696,0.0783058207725495,0.06640688592100215,0.08931299519860113,0.0790652391112559,0.06948653154785171,0.07060745164238284,0.06727242022774774,0.07527176409242281,0.07075054646405672,0.06455763642541394,0.04439590026593213,0.030941951099358447,0.026070586649334187,0.014839346053186164,0.006470260671441594
57,4971,0.0020279187878058562,0.0007726200573934506,0.00026565265788508,0.0001320195133686112,0.0003989332332659469,0.0008469348220592839,0.0017056292162522593,0.012177256442834196,0.051515171834863455,0.08506107517052397,0.08778428075111895,0.09525722317800794,0.0851469061574288,0.06850577002743773,0.06132579742117336,0.06767503985285879,0.07771071031127935,0.072860778785466,0.06181138345643323,0.0391282076657288,0.021749192809135322,0.013572237559431863,0.008634207978677309,0.005389348983596498
58,4972,0.00041707354419525836,0.0003339563501766225,0.0,3.836424277771494e-05,2.0833956551849626e-05,0.0004312289821870902,0.0006810509344142667,0.0049521418081895285,0.011720795730265788,0.01800699365312474,0.020087155005377475,0.015378675601400521,0.014250007280361403,0.012590639190935145,0.014847062845006349,0.021503028772195346,0.026117115580406188,0.022922821331011103,0.020451182269727433,0.009719571491011434,0.005954205882752543,0.002466519385862734,0.0013536024297025238,0.0008513507714929373
59,4973,0.0005242895313716539,0.00027516173677055803,0.0,8.702291272732034e-05,1.846765132416187e-05,0.00024223631446894907,0.0014953756719268238,0.006983996464995055,0.015065973638305964,0.021260667690424437,0.02297472210297521,0.018878409337515282,0.015516724741465709,0.013532854256408301,0.014170067996942967,0.01844093244295067,0.023789085040001764,0.024359980330578124,0.021141147059635594,0.012829804679703169,0.010021487504853117,0.004673666164313517,0.0016972369583177409,0.0012249728110234842
60,5081,0.00197940725427318,0.0011684650710039623,0.00031964253053522954,0.0010877030199429837,0.00030400873659947183,0.00012317054283183957,0.0024625334009881596,0.01183223542239224,0.044199170593179495,0.06318820006402585,0.060867449511301054,0.06449478170786888,0.05938806629483152,0.052589221968171763,0.0497417809728112,0.05544096024854661,0.0648419693777537,0.06689983973700232,0.05453297601619499,0.045649272106840326,0.040473828281676644,0.022648164129814956,0.011961437326760496,0.005186664702757119
61,5082,0.0022109437680406263,0.001358187761636047,0.0010512927984326923,0.0008725381529318395,8.226586505936478e-05,0.00021910375837460135,0.0023811019433403265,0.019923708628935617,0.05916268490293938,0.07648009724840246,0.0856088365127884,0.08148507520026148,0.07481440719792862,0.07292564729440706,0.055131836529656586,0.07261922579875908,0.07768418465467727,0.07577662876028687,0.05982016769829858,0.05018768762424693,0.034613545404591564,0.017515556257872357,0.013672282622084345,0.005168376332511691
62,5083,0.021870615024120223,0.007794753229056689,0.0037726040299230126,7.004940416471895e-05,0.0025955532089036717,0.005437749257284302,0.009231125986505577,0.11372231698894163,0.3041386150977863,0.42615634587916423,0.4426597129070662,0.4252279353865461,0.4162023427623316,0.41222135156241285,0.43637847659918094,0.4369003181152901,0.45902823144135185,0.4197816578695489,0.38416443057769073,0.32918275092797333,0.26025318374548095,0.18070703865203275,0.09574749386863463,0.04322016203926789
63,5084,0.020582498720506576,0.012003954823332878,0.0073508231386878575,0.0015068574215797834,0.003961060459564685,0.008009504890222634,0.013243132396591759,0.14608613523298372,0.5252471762125414,0.7511033936236235,0.8689235533947312,0.8390531408117902,0.7853896137547681,0.6285570546369279,0.6475745356426621,0.6648314772311582,0.7613915787864282,0.7514682951583123,0.6724698151077732,0.547928791658268,0.42515607838526537,0.26112973253372496,0.11356035996404489,0.09341005872546718
64,5085,0.005327107560357058,0.001217489287577088,0.0007558756873319955,8.203467483806955e-05,0.0010505045749288804,0.0021058892102078937,0.004691832323090507,0.023411618868401547,0.08583071916581529,0.1201978182156461,0.1305720954526443,0.12992244041090728,0.11791989289855116,0.12426985296463146,0.10894211251427123,0.099214084656496,0.11153295596565996,0.1285267731982807,0.11921920819501858,0.1265545847056515,0.07498745690583693,0.0544647207181915,0.02289055151007896,0.014426151257274096
65,5086,0.0023926884817092064,0.0015484234983020417,0.00014422047350951198,0.0,0.0,0.0018184298799780825,0.0016309692423593387,0.02144740234701448,0.058571236600284994,0.07689338635884004,0.08685505283228369,0.07966572480132425,0.07450948768413632,0.07808764545701337,0.07562850105573009,0.07073058266811175,0.0924198393372678,0.09140720052697911,0.08061182197931477,0.07079965658460438,0.046106222508196966,0.03106854470425026,0.013732493753977837,0.007990384508110371
66,5087,0.001577766600116173,0.0010753461614902828,0.0007372205523509379,0.0003976085033348778,0.0007153946777098089,0.0015403788776490374,0.002522081986112154,0.013792716942865465,0.04367137309456642,0.061251865044305596,0.0479843691781284,0.0676210053532584,0.057829286180420644,0.052903284223783334,0.05572958370848373,0.05681213542791133,0.06410407892400842,0.06209445763873509,0.059348506501163426,0.038238025691661445,0.031414213619211276,0.021344992593626495,0.009495705187376993,0.005586701520677601
67,5088,0.0020407226368748723,0.0008507738787297352,0.0006532786536368306,0.0006339154446885978,0.0006485075595404336,0.001090208067894,0.003045205922258703,0.013122959762351493,0.04592946127393382,0.07013632039264449,0.056835306820288166,0.07705969276023564,0.05851331486306149,0.057817999706252995,0.06286901004773061,0.06411960858392307,0.07244949496750308,0.08151851941154169,0.06675984587538719,0.04455490954681851,0.03342091959559668,0.020978494896519522,0.012017043282440708,0.0049754988499653915
68,5089,0.0006562439264990788,0.00018634847761774212,5.6042323706407704e-05,0.00011201905167315978,7.329887335918829e-05,0.00020399184431858203,0.001648128324626181,0.007245792521103371,0.015725812257960443,0.023143341696239553,0.02480640559875772,0.022819103594848966,0.017678634354721806,0.015911134492275252,0.01828547051896043,0.023386306409411764,0.027361070174447916,0.02840327882089913,0.024434446326761974,0.01472960389308228,0.01141550875597593,0.005598838651831163,0.0022105903662633258,0.0015024351985741572
69,5090,0.0006406432968561163,0.0003791103117764951,0.0,0.00010469591722301903,1.0109094082693929e-05,0.00012972464895178658,0.0010021277216347043,0.0069203897416463345,0.012839085105162998,0.017684799350791577,0.020278581552211756,0.01437604770497633,0.012830233220216704,0.011687278120128427,0.013232355393855352,0.019297420622535564,0.023572315495272462,0.020399668515230694,0.017771543687425232,0.011116135172408182,0.0070180331715064765,0.0029356833744892882,0.0013235954802039642,0.0009785232173905223
70,5198,0.0023831952385917725,0.0012231289549460877,8.815660239185722e-05,0.00022649457313965625,0.00019580295060472506,0.0005941550145820206,0.005350336662329644,0.02614433653166498,0.06771948694970709,0.10033180331950307,0.10625094145129087,0.09788082204756694,0.09390433486709424,0.06224929883346816,0.07414474379158638,0.08928965326819675,0.10098789200000771,0.10615390684522173,0.0839028820579113,0.06804597760059339,0.04247635575304022,0.023886387510246732,0.011425140059001327,0.005469576912796067
71,5199,0.002505999331613292,0.0024991956197420824,0.0014579228368987098,0.0006800859031244656,0.0010664323255590732,0.002696974803656767,0.003923051576755704,0.023697545630312566,0.06303292952484095,0.1020923896797929,0.10964591692527295,0.10351086486611304,0.09816340959046084,0.0728227664405807,0.08412533162753262,0.10729158060158166,0.09712062179448698,0.10223787210425563,0.08741006731871448,0.06540516270831019,0.052958143480805325,0.02192260188859326,0.016466969606527698,0.0069014439558884345
72,5200,0.019107696289931038,0.006756473257933425,0.00023613782824205974,0.0002210808189228737,0.002903435867341127,0.013445049647925662,0.01576953716430548,0.17798193152156122,0.5136975089989637,0.8534103824890652,0.8437599270782755,0.9572212508772248,1.0,0.7609402357135028,0.7533235187712823,0.838763304758844,0.9204251247628529,0.9604428210103131,0.9260712912190606,0.5783567745652454,0.43063031208120184,0.22753961410023663,0.14152390981246932,0.05538119900967638
73,5201,0.013511578385094982,0.006307324990356589,0.0004276822435881806,0.001206233329903248,0.0060833663814584965,0.013238447672959994,0.012345813687780729,0.158240691623045,0.6004463830919768,0.8022741399898539,0.9215523772309686,0.9296220838259137,0.8511968628499208,0.7366221864221743,0.6872455436452127,0.8395471454869434,0.9874911764018258,0.8632942630615592,0.7989281060085666,0.46659155828102017,0.3594544554182054,0.2216223835621658,0.09659027724497095,0.06832756127725449
74,5202,0.0019643572737248864,0.0003226385085302163,0.0,0.0026313929972722402,0.0003373420936926558,0.0011231053038111883,0.0032713891427187812,0.03049059301591455,0.05421628894024574,0.06077343622594366,0.05831721416140257,0.07006277955547764,0.10522234051043977,0.06260671457113609,0.07070831312080549,0.07329149140094073,0.09982889517286152,0.10703177989166593,0.09004982492963491,0.07821327179306826,0.053791035181987815,0.037129897624605994,0.01617962621783346,0.011288473173678289
75,5203,0.0016091213120845208,0.0009912766320993626,0.0,7.439415610961802e-07,0.00019662753917163258,0.0010742453525566524,0.0014610398695420644,0.014140017584494225,0.04190322402351595,0.04973071679496423,0.05162452085985917,0.04660808959181389,0.04930196816135721,0.047110020474898595,0.0469220851789484,0.04991137841035706,0.06165550629781899,0.059931558725115616,0.05652178970559775,0.043046016845967885,0.029731232271408593,0.019954956327946204,0.010044473213115537,0.006826820121703811
76,5204,0.0016637020691792964,0.0013529370739240574,0.0,1.4726961933322318e-05,7.363480966661116e-06,0.0008455417393157266,0.0020290627900351244,0.01427550748112145,0.04800507613552921,0.06924304224401219,0.06653721520895918,0.061719930935139646,0.06619281978269985,0.05839572146513471,0.0584325135318776,0.06063657341053428,0.06980130464025101,0.07706225253272016,0.06474787953616702,0.05074527700675569,0.03479434257820345,0.022939616651282992,0.012534263805566123,0.007217467470991359
77,5205,0.002942070483872585,0.0007825485457705752,4.015009944180673e-05,2.034981883972374e-05,0.00034634155151660486,0.001193579375802863,0.0024762645450298036,0.02350532211904809,0.08210091990346463,0.09832167821980661,0.0930646856508964,0.0880425226966027,0.09336458859617412,0.09773168353549129,0.08735407549728301,0.10152181842263247,0.11177575024090303,0.10485199563304624,0.0960021510058701,0.06676364771212914,0.050919163032025434,0.035242201524467644,0.017241143661945086,0.00955446876782246
78,5206,0.0006075938572489132,0.00014649368194967984,7.628970675432996e-05,0.00013035935137997167,0.00011679057494858929,0.0001804434186266493,0.0019454908595447629,0.007725572501360095,0.01370962211796714,0.02026282454347974,0.021647855337942383,0.02078407547137672,0.016520628675783244,0.013519012600503394,0.01561146798478958,0.01660444647274574,0.022860038336361778,0.023938362693806885,0.021568449178582177,0.012267193983684884,0.009141417497371214,0.0041898644496304914,0.0016563586490356674,0.001204994539716999
79,5207,0.0003775249488271252,1.3254529560026752e-05,1.4469247958494579e-05,3.9728390899555885e-05,2.449888104201429e-05,1.4584355056497601e-05,0.0011974009034948971,0.005021762355684524,0.009626325140183708,0.014517614628502146,0.01501337571426496,0.014081152957493782,0.010735168660567384,0.008004251459846984,0.009461751883982246,0.011338202969181015,0.012777822183097184,0.015998559352204466,0.013362960340929268,0.009235652265940923,0.00591933233457098,0.0028136873348853257,0.0006358574428431047,0.0012631006322159012
80,5315,0.0015006133716396791,0.0012585260226052432,0.00042338309441343084,0.0,0.0008410327146955495,0.0008707666880430495,0.004427412691862948,0.02039960106832243,0.056341564032085664,0.07513195379614096,0.07617756831714334,0.07073234158026838,0.07022493191592424,0.05260837033156635,0.05838095883887864,0.07826167836851268,0.0860365079702449,0.08332002537583738,0.06696389149616556,0.04470130237946712,0.025723272809712077,0.013294378468628468,0.009470298955548594,0.003518282629149992
81,5316,0.0008094311351010215,0.0015332222853318084,0.0010712911341499301,0.0001645224004946479,0.002078055735403009,0.0033094377422835915,0.009414414527503443,0.024097351350567283,0.07304075384203138,0.11464989144394909,0.10569739730381687,0.10794514931960464,0.08649430975926685,0.056552932435249705,0.08841077155703378,0.10146618166504996,0.09677162133977643,0.08996454276964812,0.057745130537107905,0.03774669125343011,0.0295503344315817,0.014918974456437155,0.012020563775028924,0.006784719950905771
82,5317,0.009894912563978418,0.0036386873448790444,2.0955274798181712e-05,0.0009533980362820398,0.00021931974394574604,0.012366473765476031,0.012865605374955425,0.09121124769677781,0.3110847464026339,0.4142159480509046,0.5281768896238723,0.49048015890170726,0.41337725180190293,0.3009325906844346,0.3728042634708372,0.4598510810709236,0.4863760382627484,0.5684426706319735,0.40771392929891015,0.2571345927350821,0.22483082924696465,0.06307114681523408,0.060224013421628864,0.0272186872342599
83,5318,0.001974342283432904,0.0012736889281757455,0.0010383605305191127,0.003940478810069413,0.0017324080651741033,0.0037069769259119047,0.009508957122367356,0.07371542308078001,0.2605250992636464,0.31768461944751436,0.41120156317635215,0.38408387532902977,0.3254616577209496,0.26409568914929193,0.25296448384595116,0.3629232294328272,0.3329519750165801,0.33672738984748907,0.24789876679910164,0.20750691457036521,0.128410384728158,0.061591614769462615,0.03875443103390159,0.027445355023377176
84,5319,0.001185147964610408,0.00023989181398801314,0.0,0.00017980539534150582,0.0,0.00030323427741114635,0.0023086959716176947,0.010628381142120412,0.03334139883637112,0.04342227979322495,0.037028356841844814,0.04596923946147791,0.046006959284814984,0.042060370792409145,0.041708856684447924,0.04122641383545513,0.04962165141378878,0.062151835861001065,0.03815451352508699,0.039975131658223285,0.03119496200043086,0.016616585475203137,0.00541429266487199,0.004877164949463974
85,5320,0.0008144900395834156,0.0009689192595638864,0.0,0.0,0.0005538155870511386,0.00027545294534120395,0.0017498693866942348,0.010258458426638412,0.030049696603830757,0.0408974668340078,0.03511635943520142,0.04190157271079872,0.038390682210185684,0.032845134148703534,0.03427289690292697,0.04017204908701021,0.0496473144251734,0.046209581787637226,0.04555612331550296,0.03617807654681076,0.022190154598150668,0.016777069669159483,0.007941650919416801,0.005122890647730404
86,5321,0.0,0.00029111704437616265,0.0,1.2690144307455558e-05,9.619171196163381e-05,0.00047545522030773067,0.00032525980434940945,0.003929715127976182,0.011506289754950275,0.018783976941500174,0.012237395654190058,0.018142212686939337,0.015959875255265137,0.012873718016214631,0.012488800126700604,0.014113373437786745,0.016927577448055994,0.016548699003059466,0.016304067281392706,0.009535250220215381,0.007390567013045026,0.004593013668917107,0.0030051897592703936,0.0011917166263418994
87,5322,0.0003274012257278841,0.0005657922819661699,0.0006394798289415807,0.00030384323231246244,0.0007512270326590686,0.0008177480402458259,0.0021173991345648825,0.010824758741290168,0.0312950641042796,0.04316132797250922,0.04302380813876336,0.05186499579597004,0.03779056203413809,0.03303354531809992,0.039296263197053385,0.04460936810500408,0.045253201653781445,0.04993825841764509,0.045287899755890766,0.029607561464570865,0.01676044226811744,0.007236995020229105,0.004187239987419564,0.0023711583996828445
88,5323,0.0009621735209400845,0.00011291025927761549,0.0003199725578870285,2.615849441985504e-05,0.00044596206437457137,0.0004662863535012582,0.003549022848430881,0.019457819175084955,0.023133982932963815,0.03173513792187503,0.03310467305957323,0.04096890696809173,0.021656606545849937,0.02167962646884759,0.027743146555959382,0.025101799399441037,0.03935559953270147,0.038257883878318084,0.03554034103222097,0.017902352634908827,0.008197988078396353,0.0032381214970312296,0.0027700133866302543,0.0004377636155985668
89,5324,0.0010978106617846057,4.162803642130817e-07,0.0003466590558659855,0.0,0.00034707533623019854,0.0003655420595675625,0.0033199039418569925,0.018995976832158146,0.02294887531252307,0.03087532389503743,0.03214238634259367,0.04120545069567101,0.021423749161679488,0.020399652812068934,0.02735922051434049,0.02458801805843836,0.03595498808177351,0.03725711770531954,0.034558293638171596,0.017994179340536272,0.007359758399805778,0.0029020259259837306,0.0024647956788292655,0.0007846575057381556
90,5432,0.0006014037966238066,0.000793064859973467,0.0015703865706609905,0.0,0.0003499793904345922,0.0005204765968446896,0.0016992158654774415,0.015175468971857491,0.03513966420666115,0.049986245310274756,0.04696145977416604,0.060927648463704805,0.04849195490602345,0.03328902224226736,0.05184009053528626,0.05941360541367062,0.05881592170663993,0.058800039300972134,0.04706690728384775,0.035211617157452434,0.02360307161491557,0.008790984298581252,0.01053683250465312,0.006003602942023156
91,5433,0.0030751323746796453,0.0011319773851260237,0.0008341250909010015,0.0,0.002051946582039469,0.00018348054075481492,0.004164377940980536,0.048837661570760624,0.12160867956419226,0.1829166933117354,0.1811260650779837,0.1626447018938566,0.15327797824743805,0.10601640210616603,0.14695568174289014,0.1501415911105824,0.1624445869668014,0.14592577915641744,0.09856801399155679,0.05941053203043137,0.030751874798543362,0.022307844472390728,0.007996790105961542,0.008696319995396336
92,5434,0.005888641424446179,0.005712206598111313,0.00249961546286057,0.0021133347030572033,0.00598642320461296,0.0005019909453501863,0.008232540194028337,0.06856689014207558,0.39987438117406443,0.6209597967905874,0.6959696903952908,0.660413760118651,0.4817766989925774,0.3760486638985877,0.5459487030107107,0.5896827439904636,0.6562290062502985,0.7029260582390685,0.401881308104158,0.18630233586793257,0.14213890262445397,0.05377405412869764,0.03865719439693722,0.029377639612757887
93,5435,0.0019041907703082404,0.002436448683245523,0.002687153509873511,0.003034442637234466,0.004692969695459186,0.001672113271990285,0.012843408436521408,0.03136470178634705,0.11742482321588871,0.1594635495751605,0.18087183066779325,0.1897594081274,0.15405425643813808,0.12353533340162802,0.16321520488772318,0.15269518404656088,0.1642988753580021,0.1964197465882231,0.14815339359257249,0.09792954669056836,0.07607602262975181,0.03900870990559006,0.02098391812516441,0.012925921692780909
94,5436,0.001171538721212092,0.0019214544017860597,0.000707834128114899,0.001825915095327075,0.0032422356401686893,0.000912442296960149,0.0030316410860358497,0.013634893049711766,0.05540780872340673,0.06992670534225427,0.08062307110685107,0.08313232514132138,0.07825778582905982,0.05498235656642029,0.07086145119332965,0.07531138080752542,0.08413651633545535,0.08502111068737957,0.0730029267816651,0.045172320458962335,0.032346090571611724,0.015341855137027153,0.010472152794377182,0.005086831613250762
95,5437,0.0005836192339404489,0.0009739649180496816,0.0002584055789849279,0.00017945704761217936,0.00044188801463141986,0.0005176347280954156,0.0025523062042647833,0.014184161988040416,0.03708733504472074,0.05758380695314663,0.05527642516101503,0.05361355745139485,0.04835309558143618,0.04284156281803049,0.049497808831964654,0.05181683852461165,0.059601630034028096,0.06630877675473133,0.05340441855081371,0.046218167547215985,0.026351488087312268,0.01918177065256163,0.01104298267328997,0.003921837940512902
96,5438,0.0006650074079747861,0.0010551326214546337,0.0,3.805209681705549e-05,0.00047048724544288814,0.0005317004435826598,0.0015867381236321957,0.011244487209229154,0.030336185647932633,0.044911062968221956,0.041371960111975255,0.03867470554682949,0.03613199593858477,0.03356688125018917,0.034409570484346265,0.039034569661517145,0.05090417732310869,0.05037003431135401,0.04881475450815202,0.03622629492831634,0.02103439902814988,0.016775158920674375,0.009687312102622695,0.004264163272190384
97,5439,0.0007228928722683123,3.375294003396177e-05,0.0002409642907561041,2.8686355239509286e-05,0.0002890604084098205,0.000993787357870651,0.0026465950870768256,0.018105227382516076,0.022562171395298106,0.03155517858415485,0.029426671448035936,0.039162193611873224,0.02066773661725119,0.02087692478523475,0.02334990472764867,0.027736694131446006,0.03817772018470251,0.034961188452555816,0.037016978547068674,0.018582536955726914,0.007361734986164006,0.003542409086968585,0.0023620271964094955,0.0003681864974026029
98,5440,0.001133300451380601,4.6188467125635894e-05,0.000377766817126867,0.0,0.00042133223451322233,0.0004557650761767342,0.003664811415707427,0.02160148454095231,0.024919624311718822,0.034366806691857,0.035522329774576984,0.04516952596272276,0.02306727853996411,0.023071123908468626,0.03003379004412213,0.026805440858386355,0.041808796703869854,0.041146772784362524,0.038779175895015186,0.019199063670236795,0.00841155955102907,0.003391738472210857,0.0031192357535604846,0.0004433616853975917
99,5441,0.0010822155156383127,0.00011379836079929713,0.0003607330343649647,0.0,0.0004684913964077134,0.00038108456786379615,0.003568776278902314,0.019276243304768296,0.022463257987719618,0.0308260574553728,0.03264754427749302,0.04109797549798937,0.02221725841716256,0.020798774869983876,0.02795861563445192,0.0244738523795941,0.03827711469752374,0.03766012644353914,0.03530219424476817,0.017598734387114855,0.008021483094877465,0.0029034734197758536,0.002689302077412783,0.00037284585696489863
