,cellid,callout0,callout1,callout2,callout3,callout4,callout5,callout6,callout7,callout8,callout9,callout10,callout11,callout12,callout13,callout14,callout15,callout16,callout17,callout18,callout19,callout20,callout21,callout22,callout23
0,4379,1.0123882140267769e-05,9.69500424392061e-05,0.0,0.0,4.726783813693956e-06,0.00015229623695423903,0.0005835640161152293,0.0028424810716898537,0.007762853008331188,0.010743683205307114,0.012366326396813248,0.01093600343141384,0.008255062751914425,0.009372991673564566,0.009111126873216004,0.009998602296679013,0.009711109431949128,0.011318328531973846,0.008949488642669543,0.005030555537880744,0.0057535212268571825,0.0029064789885067037,0.0014784498726761245,0.0005996326786818953
1,4380,0.00015705076683386466,5.702916778149573e-05,0.0,9.141479818570709e-06,0.0,0.0002372710622835156,0.000977824333065344,0.006364536389104628,0.01494736531735034,0.017961805912995867,0.018580563977735453,0.01753564757738383,0.014908334277108491,0.01251736495527725,0.014511858900105805,0.017283756859124276,0.016387572310044174,0.019476858887606554,0.015358356162816476,0.01130097134999487,0.008684633042040453,0.005552767041889203,0.0024985620365668387,0.0006748002071553384
2,4381,0.00029382426642293323,3.965190319068009e-05,2.2786247696268947e-05,1.7092479944525222e-05,0.0,0.00028198308201921767,0.0006053757600283582,0.006603040654598092,0.011844238263453561,0.011647238497265993,0.010896843100241657,0.014921963882523271,0.010361894613148149,0.006792049348948601,0.010486121702643816,0.010328570281390071,0.010004311636464659,0.01263544972818436,0.01044689955772228,0.005458849359227047,0.004089089635040748,0.0032677377359130563,0.0013874263272412946,0.00020129631187410578
3,4382,0.0005248572009177973,0.0004970563479860131,0.00024522674886261686,0.0002519264838089225,0.0,0.0005380629014393561,0.0017707994960132203,0.013802681434171252,0.034851893336381584,0.039945309592115265,0.02661955389346003,0.03795083292333774,0.033080510649328626,0.030404347134909384,0.031527397952653635,0.034587387022439346,0.03696093467302045,0.05201591944072064,0.03864229775203975,0.02450074540440298,0.022785652386907867,0.009293628877363572,0.009220041865542638,0.002008033942726391
4,4383,0.0005936001415064695,0.0005368869476967645,0.00027318359074117405,0.0003079796107829201,0.0,0.0004415876966448427,0.0018303130132401434,0.014266850984961051,0.03695334750002623,0.04429207432682726,0.0311207748922225,0.04189836789091308,0.03582900240107908,0.0318182343692594,0.03376281101962926,0.03621078449912729,0.03763119134070503,0.0531659297284386,0.03892066379168063,0.024179998605797476,0.022624906806146285,0.010502706952383109,0.009822161099797217,0.0020997288202519913
5,4384,0.0005260069367182315,0.0013194762758267815,0.0006386544677854878,0.000509312548351369,0.0007940519891670932,0.0025564070430570385,0.0017003194324007353,0.010032363092785167,0.022993234969938978,0.027790140948910344,0.02446218618148503,0.029288343192879093,0.026386566794008883,0.022320157794471208,0.024209522300788076,0.026493710853955105,0.029025519881217713,0.035825894843654865,0.027049828533835186,0.01873807027666763,0.015024845731612863,0.006849416715143331,0.005536017240395494,0.0014817502287274979
6,4385,0.00022535734605194177,0.00115719894224822,0.0004611942608290837,0.0005101725050823826,0.0008294914519460624,0.002362952722532816,0.0012558500794100389,0.007016423460083743,0.015563520553730162,0.019686981460182038,0.01752738348057981,0.023673188815307812,0.02163461745699134,0.018488931025180802,0.016436658472184767,0.022580243005309305,0.02381839632690702,0.028463219384448527,0.02153462527981249,0.015061408910202011,0.01194710480535939,0.004887184151160808,0.003954280083658027,0.0015106820680647135
7,4386,3.459363605276221e-05,7.594336700401931e-05,2.5635465855016616e-07,7.5011093319715e-05,0.00026079829800370685,0.00017522818507317536,0.0004964078439247233,0.0030426655552533233,0.009235318584514606,0.01024733493505918,0.007886206241495006,0.012522508736115018,0.010080107845861629,0.008301457358485075,0.006488413947071076,0.011916751978782485,0.012316188854185816,0.01463601085485526,0.011561372302851283,0.006938138239640965,0.005053217922945509,0.0026408467972146863,0.001615113970736661,0.0006384947610326343
8,4387,1.3422523262214986e-06,4.645630441763233e-05,0.0,0.0,0.0005611156498873616,0.0,0.000609135534457248,0.0025330578522262458,0.011670640804368741,0.01044529628392679,0.007146251769006922,0.012786987575323067,0.007923821256103213,0.005650780220086114,0.004428406780232641,0.012637512065020392,0.013298381071101966,0.013873513265259988,0.01285637992968682,0.006375275792097207,0.0025949745688927306,0.0030433094414952177,0.0006688436917287699,1.6047021419348748e-05
9,4388,2.1651969245352616e-06,7.974763049617878e-05,0.0,0.0,4.35468442919643e-05,7.463801847133102e-06,0.0005174182143286273,0.0022399941029295433,0.005852448375677874,0.005220965483872756,0.007769411229085534,0.00595236281912648,0.005616256502456413,0.003950639227310134,0.0069173974098370224,0.0051776360078760264,0.006335999837449485,0.007701016526055859,0.006078183140399799,0.0037145271824289543,0.003337300261367481,0.001027917688877482,0.0007963929115195835,0.00040061933031409005
10,4496,0.001988612513342734,0.0020598659042601716,0.0002758096787649284,1.5693494922417471e-06,0.0,0.0004924495240639482,0.0014400239511011422,0.00536370741274578,0.025412048731799895,0.030181270036437873,0.03698167484720487,0.03246293013385099,0.027493536213276572,0.025213368577604756,0.022049572058396274,0.030967570015102353,0.030659294661482074,0.029778701872993918,0.026086305776261424,0.015301297249482655,0.011068838046128836,0.007207776093717881,0.003683834180036143,0.0024876087152752723
11,4497,1.8043307704051694e-06,8.113122703318001e-05,0.0,8.931026284622992e-06,0.0,4.9053001828394355e-05,0.0013395125757421293,0.013554881759909059,0.02997195960361826,0.026509468645482922,0.02419135837138105,0.025792232739861524,0.019132726489780393,0.018009429286276215,0.023169892416038944,0.02640640013542053,0.025301751077096826,0.030519595410784327,0.021901160842641047,0.013423994593384926,0.014199548489362461,0.009555626795811864,0.0033270449146741723,0.00179107331257803
12,4498,3.7578528951924326e-05,3.633428613726594e-05,1.8789264475962163e-05,1.7545021661303775e-05,0.0,3.509004332260755e-05,0.0018169049341908354,0.014913911029993974,0.03384306067652977,0.02983559384959258,0.024517244624141562,0.026790633799759826,0.021226003147721023,0.019722617333136516,0.02783042166971349,0.027558090171977363,0.02540205059634396,0.03724968224546052,0.025536146694432,0.014000871590983465,0.01754263648878038,0.010596671391450693,0.003769059180488271,0.0006102363199130175
13,4499,0.0005166322290199978,0.00037056419298892945,0.00020263014487445074,0.00018509020221164606,0.0,0.0008909329691225442,0.0017902697897000045,0.014017850803006267,0.03565012501315127,0.041130177972678886,0.02967938654176545,0.037877168870756706,0.03134826717027175,0.02993897992155873,0.03253673313611681,0.032113035121359906,0.03626779587163422,0.048985779082927484,0.038204664284045675,0.02355083152863098,0.022199401479092513,0.010575262844594636,0.008003999501390883,0.001682570360154447
14,4500,0.0017055902373598168,0.00047636466659272374,0.0007298486735911239,0.0005868663900107926,0.0003710407439957017,0.00022181203337024382,0.0035233627650238216,0.02267564439273189,0.05318281386257841,0.0769913082275356,0.07607371141181365,0.07906596170534626,0.06437261424245766,0.05426624622126793,0.0619048145648618,0.06232891517347961,0.07652083403008424,0.0891930034772664,0.07149324551096123,0.050134281321916434,0.03884768746262363,0.02098107790949295,0.017890571852546874,0.005643503920894101
15,4501,0.0005683952997385165,0.001508523130809922,0.0007672549480765772,0.0006336647399852848,0.0011116828074032104,0.0028670774638289054,0.0026003274562122927,0.009761660201597924,0.021439392126466107,0.02994414635199267,0.031124941070723458,0.03086571986903106,0.0276934770432233,0.02232218383742643,0.026706372485029876,0.028532350661777093,0.031185170058920537,0.034326807512218,0.027967311221062434,0.0216524117198575,0.014753536342649103,0.008016889852757312,0.0048334016999878405,0.0021324981975846197
16,4502,0.00029630735119829163,0.0005328707103725612,0.00018977244820576563,0.0001496218204629898,0.0001774851477990748,0.0006299070252732568,0.0014293958435125122,0.00731808558036487,0.016955969995620677,0.01970353430490409,0.015521263279142092,0.01968656972517964,0.01616745476013126,0.015103571971975035,0.0167984027814185,0.01798838844137796,0.01889105867637446,0.02488255824539416,0.02017846952909763,0.011936110026962089,0.010462096082935768,0.005568635401593822,0.004091448724856458,0.000995999669434854
17,4503,0.0005250767082356291,0.0012811013595611523,0.0005955954864609507,0.00042578914452955,0.0009007456967282986,0.0024139244423223164,0.0014052884674529698,0.006946185653317287,0.01910390589168436,0.02328225111116515,0.017716628633297014,0.021657424579175726,0.017157913768194172,0.0162536579503799,0.01821703301811418,0.020001933933813016,0.022561177324855786,0.028003419154410316,0.021587996310602223,0.013014546026011393,0.011489208584344832,0.005789418924783022,0.004193234051891276,0.0009376641059547129
18,4504,0.00011830944241618548,1.4001360560173903e-05,4.542579614894747e-07,4.542579614894747e-07,0.0002104221839589511,0.00011688960456418719,0.0003279449563613003,0.0011634126426832482,0.005146120634871875,0.005791326967051246,0.00498775992097006,0.00629841921227826,0.004144808488200567,0.003011671010570051,0.0037333208896106027,0.005069410163206628,0.00670970174452151,0.007052146994238923,0.005306964511804645,0.003095089903883502,0.0024518201995280954,0.0013836470347371515,0.00045357592392266104,0.0003487127595898443
19,4505,7.872911306531397e-07,8.600405651749584e-05,1.3425156692864638e-05,1.3425156692864638e-05,1.3425156692864638e-05,0.00011862528381133363,0.0005519954137100086,0.0022520318654852987,0.00586219967018074,0.005231044425116149,0.007487081056819021,0.005767171937589573,0.005337729713598163,0.004006737584983357,0.0071503329671871564,0.005064103699445003,0.005972598777265951,0.007200949335024003,0.005886459340410417,0.003832303937402172,0.003374467822957673,0.0010015468542014427,0.0008166300233626957,0.0004280777605058783
20,4613,0.0035485802924348636,0.0032818708244363387,0.0007638054731264137,1.268676570017459e-05,0.0,0.0007491682562266054,0.0028193389748647803,0.013915664505799721,0.058906324090415844,0.06589299347914247,0.07100087937394887,0.06706598274124947,0.06192405279842446,0.04927424449287815,0.05408054819445761,0.06064786966976376,0.07066140811430689,0.0691675429090156,0.05384374282751033,0.03939009992865173,0.023061599105794302,0.01589488636711463,0.00805778446455689,0.0051184134789567974
21,4614,0.0002407023346913072,0.00029744132171483426,0.00011474704245897093,3.135620303412382e-05,1.3546243567227314e-05,0.0001638662352192379,0.001306798681682394,0.010340462200724538,0.024504181304818413,0.02765438749731457,0.027017632350209778,0.027357908338970026,0.021964360147365657,0.020049287805869224,0.022086453462294365,0.027450907921259225,0.02816717203074497,0.02951405503207878,0.022842274048880933,0.01648869728516565,0.013616999217560405,0.008998327981929772,0.0038171688550371454,0.0023036206962438084
22,4615,2.8694639029108926e-05,0.00012740532202688642,6.829042289880736e-05,0.00017320181059210686,0.00015435885405350096,0.00010328211738563232,0.0015697212993417598,0.011274256698589344,0.02939407407450851,0.02886900132783921,0.026560246107980384,0.031785739607796036,0.02424810507970434,0.020496462563361156,0.02817246752315254,0.02650595649357387,0.031058971660334177,0.032797496386314524,0.022602755282160603,0.019073846580276728,0.014867778511862238,0.009911524504231873,0.003914500402358962,0.0012779468367477922
23,4616,0.0002340483950139902,1.139377183457675e-05,7.79092343348336e-05,8.460403995488062e-05,6.829042289413665e-05,0.0011127078020589636,0.0009347421013105828,0.009464344833054548,0.028159021095041332,0.0329062204133736,0.034708200198778585,0.03640557832645965,0.02740105504554691,0.023752063515657642,0.03261586612648075,0.023131857621760784,0.03648607719919846,0.03467113591307061,0.02749992782579049,0.01986952954526492,0.01604982758456376,0.009024051922826577,0.004151768863206621,0.002190125126618284
24,4617,0.0024419942162852383,0.00837815712885618,0.00379497633513277,0.0022695272184696563,0.005008047399573636,0.015009051451767412,0.004542376069473716,0.020996606583340332,0.04237897590699724,0.060611664948465954,0.06625389829037584,0.06869730183861396,0.060215317984326194,0.04619103987479623,0.05419723509172804,0.0591724378545751,0.06828788143381101,0.07120050706986764,0.057774667206987235,0.043731590359881056,0.02854389068875624,0.016081731955556944,0.00994672358306989,0.004357909747190967
25,4618,0.0012800939954858888,0.002084608904645236,0.0008314519317408701,0.00033793131851572717,0.0008934318717301867,0.0038264371359748306,0.00468945389372794,0.014180593419198669,0.03424555579144798,0.05940824168138179,0.0581378934469343,0.05530250103643646,0.0492817587229965,0.03856686328540587,0.044787933558664214,0.044292611649987344,0.04956520037467468,0.05527766650714493,0.05274692754269105,0.03825991474786124,0.027226914849590767,0.016375623719595212,0.00941692163938102,0.004159088989812077
26,4619,0.0013856916475743124,0.0005073589352337482,9.50572045636107e-05,3.3561058604168094e-05,0.0001981017256607916,0.0004403880767382178,0.003113842385077355,0.013339207042667412,0.03514655704718834,0.058452767451283645,0.059605358917809895,0.05997065497227819,0.04731481755917657,0.03856873337360083,0.044445220890266104,0.044789922436477295,0.05251606370463655,0.05864409330491451,0.056028186636442566,0.03742487723319517,0.03106955059980437,0.019915221484690784,0.012895507072144128,0.004433749531627613
27,4620,0.0007563111099745971,0.0007920898748478769,0.0002692012447577411,0.00010360918655721879,0.00038630865028330927,0.0011426930620183813,0.0014446986731666328,0.007780682500811715,0.0240620074695339,0.02995641325605897,0.027200082672871034,0.02778504634347471,0.024796027988071807,0.02036482510791367,0.023355030572535275,0.024434666096987714,0.029597841878898103,0.03571948671214982,0.02737975272061375,0.017724858433841154,0.014230432049991764,0.007587163529665774,0.005971316896124072,0.00239880599052753
28,4621,0.00024811270828731556,6.3566887857139166e-06,6.3566887857139166e-06,6.3566887857139166e-06,0.00023538697341671843,6.942947518133466e-05,0.0005522978615003894,0.0013039362905448364,0.00496034333720837,0.007247446891894479,0.008389052897732178,0.006817580618184482,0.0041589468171006234,0.004067489437622522,0.00647460646282829,0.003971828355215886,0.008787073117556186,0.009841300843557721,0.005386128110477805,0.003810419536010994,0.003844610399791535,0.0014552729327793595,0.0010121444783395103,0.001025480034077949
29,4622,1.5677423982727435e-05,4.584525671545942e-05,4.493785188043714e-05,4.493785188043714e-05,5.5647118785419676e-05,0.0003405270939619653,0.0006447087082654966,0.002048814705539255,0.006012469261729037,0.007017242279643018,0.007152153450925517,0.0073989577564142,0.0057095613176915225,0.005317146515987463,0.006939435808994589,0.006021794887309392,0.007063562310131679,0.0073501231761464525,0.006312663860467332,0.004363809385047192,0.0032024035912450875,0.0015414585399911513,0.0011822415103755373,0.0007416587623985568
30,4730,0.0025726318090768183,0.0023869151429180163,0.00032056344606227604,2.8512230382580946e-06,1.5755946046233052e-06,0.0003556862706319737,0.0018717714028522242,0.008584989928715888,0.03277402145258441,0.03482749112067016,0.03973697431567459,0.03767251984642082,0.03712666395367582,0.027897105063968267,0.03200673134524831,0.040064148426349554,0.0433684334678711,0.0418915618941274,0.03376178511642642,0.02509046459096308,0.016652436364453876,0.009973596213853242,0.004826218911741975,0.003585316996849347
31,4731,0.0003962072900418585,0.00033849237353420083,0.00012869525466705493,3.178195549978765e-05,2.612584074664686e-05,0.00023147763129681052,0.0017516975535940998,0.009341984925404901,0.023283379931307007,0.03541815858118475,0.03309055261191761,0.03763980461210606,0.03642483694354085,0.0285007350305037,0.02995679146722746,0.03719443711078928,0.04451640808966678,0.04104715944103874,0.030301480267053756,0.03274681932933287,0.01914726375497806,0.010827488756265284,0.0054172296975404256,0.0022995438371744494
32,4732,3.0877169453905154e-05,0.00021068574270972885,9.347594841338276e-05,0.0002034557675627801,0.00022003826098380494,0.0003637372401019061,0.0008346903502876995,0.009046067998672752,0.028513148466676488,0.03411200069317352,0.030160372259466824,0.04285912065835538,0.029399688730416998,0.024525849322305705,0.03145435606575527,0.0285025278101515,0.042393556345968246,0.03743580379542203,0.025792921136650635,0.027188276389585153,0.015398675583938974,0.009562050400435472,0.004689682873107483,0.0007472966486789476
33,4733,0.00024761406164049686,0.0007373880835405023,0.0002203499365923312,0.00018019636433337633,0.00037642813374977584,0.0013078540823669342,0.001013386163220558,0.007962602619726483,0.024018583420357682,0.026487466004831955,0.03465634166655944,0.03532299432053488,0.029653683549798138,0.02550916926838056,0.0340295957997503,0.02540924352488254,0.03661417372599881,0.03427029537533354,0.026078904551426422,0.01926590229289328,0.013080565685010051,0.007088615489332336,0.004295016261078267,0.002398925327968638
34,4734,0.0013167688060151395,0.005515190957794816,0.0024873096889246942,0.001491008906426121,0.0036933842803744464,0.011045892607382453,0.0027409948702967024,0.014710842120960459,0.026676997863974126,0.03566380940518644,0.04596393147296198,0.04352272948854462,0.03998291754199579,0.032569325978146324,0.03642379760256462,0.037967298455728556,0.045368238361929956,0.047252288196548184,0.04044628365665601,0.03037916289696156,0.019947139283594168,0.010560117021023496,0.004434899447249539,0.0028088330845679895
35,4735,0.0010639180721927488,0.00017243335243360307,0.0,8.908717657206011e-07,0.00029826809689771926,0.0020379673044811954,0.0018933992094570216,0.011229219457818155,0.026815159868599055,0.043154148450670365,0.040088198883717355,0.038363808971832156,0.03271297716060529,0.03248691867901594,0.03238013379006431,0.030322602839336205,0.038876242990647666,0.04547407703745113,0.04339528835071817,0.031353236509080944,0.021688459087528474,0.014402030476281196,0.0068416350186431465,0.0030572291425859017
36,4736,0.0011269036960451276,0.00016084383198253148,1.8459520087658684e-05,1.037628333772485e-05,0.0003953533243326826,0.0006338476805380324,0.0016412268733221604,0.010617107921648364,0.02619593204811081,0.04399817934856503,0.04077507313623319,0.04033861810576867,0.041211014554574765,0.028844666799045616,0.03223579474948034,0.03099971839012664,0.03578376501987625,0.04288440254216,0.03506558480005924,0.029391084257493302,0.016970803288916276,0.011581706059300036,0.005970886105958329,0.002591425220856241
37,4737,0.001360888627050255,0.0009888325053913941,0.00017715138021046672,6.568106016802559e-05,0.00031144342725291285,0.00094756264513875,0.0012213204944603445,0.01073447476864583,0.04248096278531682,0.05216754285391625,0.05784461685835116,0.05518072755329253,0.05009320094655146,0.03850626706046934,0.04342781018174863,0.04655796161168325,0.05511800895422308,0.06313313351652487,0.04921707207424487,0.03699342427411339,0.021523447293856704,0.015807591535168097,0.008872814097998626,0.005961672707152711
38,4738,0.0004412665341580942,0.0007570369763628863,0.00037152786484975195,8.082457601386337e-06,0.0003536995207524299,0.00108305159074933,0.0014353206119386804,0.005712880025801706,0.014636003530392462,0.02135805799683949,0.023527932223205067,0.02032314337550053,0.018618275101735724,0.0140732989842781,0.019157514968407625,0.016674437727721442,0.02184955835459311,0.022362911735467245,0.019708598810170785,0.013846544076352522,0.007313257182523431,0.003966629531556608,0.0032612407294593665,0.0012107023229511868
39,4739,0.00010185129641092956,6.240974152117109e-05,0.00011638912004175777,6.476029690877206e-05,8.825121164183418e-05,0.00044258956945076715,0.0009899491169569775,0.0034047711296075318,0.010396327356920617,0.011287542701424238,0.012631664846833193,0.012734061881993398,0.009299693106623805,0.007839186939841697,0.010731644546557416,0.011761811028659787,0.012839539844185044,0.01354461159556957,0.011569798510852873,0.007265923332107057,0.005367338305410708,0.002382157445291112,0.0014323086191877833,0.0010011879072820951
40,4847,0.0005837556926906667,0.0008891909501769347,0.00045393121151697226,0.00046915743467885936,0.0002008355568259621,0.0010506785598893558,0.002272765762970337,0.012962209410714357,0.04902258619576587,0.06168220931272738,0.0581474899914429,0.05930082509483111,0.04767731588853288,0.041812590883317464,0.04491031204055868,0.06437103163707045,0.05218703003196524,0.05503673055816628,0.04488894903227426,0.029208623819380216,0.020187515726843026,0.013057639513144096,0.007836275553367337,0.0035831006634250316
41,4848,0.0010616179998283893,0.0009019936933465725,0.0005861229372473245,9.456252140857634e-05,1.3410889881419338e-05,0.0001765522296418578,0.0020097640319185492,0.00919335887772779,0.03319827801583558,0.04209920188182269,0.04050534510940669,0.04583199107286316,0.040987276233344395,0.03614030556867211,0.036250382774036305,0.039703578579322225,0.050581393033734635,0.04705666349254177,0.03843932374285632,0.03655449175209667,0.018976572774527835,0.01420144890139033,0.006532719140247934,0.005079621658941141
42,4849,0.002134311238253212,0.011293403322056972,0.004088592308350282,0.0014881899432516784,0.004784519553611087,0.018278331238853033,0.004700480782859861,0.01711870600041599,0.05569262050052309,0.0836400917906781,0.064579657614004,0.08452046184887531,0.06835380010138187,0.06363579251577547,0.0652242129733803,0.07156646767987838,0.08307615496898896,0.09158307598948306,0.07389447631554079,0.04885912331518767,0.04022544928768053,0.016476927719618804,0.01013820171688967,0.004100131535666897
43,4850,0.006184523272152596,0.004153107591419716,0.0008416350153315193,0.00019787194986357052,0.0005794596582113217,0.0026341610044668872,0.007112107016084851,0.03780975289869216,0.12413507189516891,0.1791188277842996,0.15137673807044544,0.16435149460542173,0.14486648987618922,0.11377424971041843,0.15008817993970006,0.16937059851068076,0.14951035688431522,0.16843219339949456,0.13103999873911495,0.08855761140341263,0.05208181344849226,0.02798805607151325,0.02351189660727948,0.010444107226912882
44,4851,0.004855559971391194,0.0019153015201609192,0.0002916709057959537,3.2885010229653372e-06,0.0003389963551384765,0.004235008421130146,0.003164481036863726,0.02083836436069676,0.052612356840661734,0.06416070250416771,0.06580234659623937,0.0704954192973658,0.06437039275360944,0.07097280113748694,0.05245102155667415,0.0589517050634207,0.06522631992705481,0.06560210314330552,0.06582314339455136,0.043569288552867534,0.0369008929063181,0.020860573530323903,0.011837622698089913,0.004022850054171106
45,4852,0.0011787945200278768,0.001938663498549746,0.0005004613614534507,0.0,0.00046353932941633363,0.0027864713606855717,0.0021202808190249824,0.010788497172727455,0.02667370231878069,0.03878557956975556,0.038068647637886845,0.03864321161401689,0.03223117783764426,0.033762180061630634,0.03059751337108478,0.030575684165259354,0.03737897246631628,0.037131461519710196,0.03592568903366877,0.030629984139223593,0.02088468423283151,0.014216268509038916,0.007101261650397919,0.003522540193044662
46,4853,0.0010952955823394903,0.000224904155369846,6.567367849564549e-06,1.1267155102527444e-05,0.00023731949375161216,0.000536174514570382,0.0016985354905343674,0.011139697621236719,0.03074925243069419,0.04477712658842107,0.04527133857547129,0.04225026306958011,0.04321937910430664,0.03651250033579954,0.032957664592670466,0.034409641481074636,0.04297408570190646,0.046637806909177536,0.03867540661852839,0.029943693956407492,0.018823945044481746,0.012757946138987517,0.008435971369706056,0.0029753157039658627
47,4854,0.0018428214264527337,0.00030358311289395786,3.3874367619035996e-05,6.927783622137733e-05,0.0001566645103032594,0.0006934562853486504,0.0015712701706261602,0.01595186576857897,0.05593011155630258,0.07773275715065239,0.07849075966793881,0.07419215733662977,0.06868827042218298,0.05664174210484416,0.054135455627773305,0.058607618320080185,0.06407710617439405,0.07391573867514378,0.05783990634563914,0.0487115796391376,0.022658338312478137,0.017788335872377978,0.010466278801426037,0.004257530859732174
48,4855,0.0005730157189741864,0.0005649485331570343,0.0003469781145209911,4.797228329134146e-05,0.00021323283619224492,0.000959077345374658,0.0015805384139158333,0.009153519636195689,0.02508760270525754,0.038224930401140604,0.039135291872651516,0.036151133092877485,0.032278753534317715,0.023404082272340795,0.03157473730211826,0.029466445446168617,0.03410560745226002,0.03268793980238499,0.028276997372595602,0.02363266343396142,0.009974025792020879,0.006232591760134704,0.0041593099653757844,0.001584386945974308
49,4856,0.0001923843196229843,9.021832943037315e-05,0.00025521180187812307,0.0001066382756821151,9.02183294303731e-05,0.0005026222104325458,0.0013956894709282529,0.00501107067071549,0.01205853764877582,0.014290095207849818,0.0157592951019872,0.018093007358701136,0.012447676312388597,0.009834055426773115,0.014246044158370223,0.01647600251269199,0.020243430708943,0.01697181488342217,0.015462967398190254,0.009902803575552862,0.0060154522327935,0.0027344658422919534,0.0017349962455500611,0.00106637558464792
50,4964,0.0015869601125502104,0.0009324825570088289,0.00083574255477506,0.00030310567552306833,0.0006165408388531137,0.0015875133895448543,0.0033437220116265642,0.019599516753560385,0.06897913316908359,0.10135455249483502,0.09292010951907384,0.09379117258694745,0.07404705353128445,0.07088073964567211,0.07534276271053318,0.08785460224851484,0.08824352372086365,0.08851276255705759,0.07087045604291033,0.05090888623284807,0.029566405543306414,0.021437558365885928,0.00945349790271647,0.004893974782548584
51,4965,0.0008814855283753331,0.0011374764335543247,0.0011558684414218975,0.0,0.0,1.0912104326586002e-05,0.0017861150173616917,0.013135945912909588,0.07359150654046845,0.07796204420865127,0.08011406198230438,0.09213868914279859,0.07807887941679155,0.06265450582256515,0.06858747567201302,0.07160948072294339,0.08004702244714205,0.07821871459255975,0.06530264236163318,0.048942602142724105,0.028120694124098136,0.01692011441181508,0.010349276109739994,0.0047871652973448175
52,4966,0.0026661271301724196,0.0005212205413845823,0.0012023839657446874,9.95787835218524e-05,9.95787835218524e-05,0.0015163523158270745,0.00399132268316848,0.025244340056650275,0.1311567058022336,0.12239274781285436,0.1702755812679208,0.1579637743008485,0.14739669848689696,0.11078774903232594,0.12248093081838453,0.13079061905177225,0.1611712456647032,0.16440038375889307,0.1222843328357165,0.09498716065538831,0.08951332859626719,0.03785028088766063,0.019600809693145,0.017863397610603758
53,4967,0.014344668644662618,0.008212208749281505,0.003348422815359201,0.003098080862020105,0.003098080862020105,0.0005513184833187774,0.014979811994871469,0.09575822010328255,0.3420092010473159,0.3832947319192986,0.4770027384093706,0.44494608718726836,0.3641198995860219,0.3069258535194911,0.37226484307594326,0.38304560163400236,0.40629153136985735,0.40080101232157284,0.28828096580830814,0.2612037109638635,0.23181177469325917,0.10737923761960404,0.0516283700178621,0.043601607853782365
54,4968,0.002937516594160464,0.0023521553090904515,0.00016926062721331106,0.0,5.072322006949149e-05,0.003319152876778782,0.004109108035212861,0.02550272094383708,0.07599827258491869,0.08822931623182047,0.10057006814646702,0.09838306295329352,0.08936235887719232,0.0789743681344933,0.06750557794577604,0.06917491439380569,0.09099049152267387,0.07604433788693096,0.08413497987796452,0.0608634700072702,0.049485223782414565,0.02344067776121532,0.014496626604896702,0.008044074671397025
55,4969,0.0006189413037186982,0.0008172062822806272,0.0002075754472020322,0.0,0.00014176080141863965,0.001109905429169435,0.002032851881589986,0.01120695513893268,0.025923221841691192,0.048937925810822555,0.046976075643316094,0.04821166998802859,0.04810090027635444,0.041794751861257265,0.034383949547942584,0.031148920121827815,0.0416247017624179,0.04317461928479121,0.04291880267142309,0.032285928238387586,0.024292652365412684,0.011151754148603069,0.008239179040765415,0.0035455717298623767
56,4970,0.0015668911649858884,0.0004216253153137549,2.5343813720093394e-06,6.0623825936573656e-05,2.5343813720093394e-06,0.0005605667449924208,0.0031532862017726758,0.015268866711061714,0.056431747363552706,0.070786265334721,0.07229400872271718,0.07718371407827457,0.07053423022595656,0.0701529515484407,0.06051593092980723,0.06103068772392905,0.06391488835099163,0.07236349408337032,0.05700968039446047,0.04506321849488695,0.0310460984277797,0.02303355464948921,0.01326930154533138,0.0034027635170526148
57,4971,0.002063159785138079,0.00016951070725416362,0.00012739075208276636,5.0701703646790826e-05,0.00011794578010329714,0.00036758435452887025,0.002065932447143752,0.01728838819607821,0.051580727439892914,0.08947567819365676,0.08099905664464557,0.08067880340244273,0.07918425084424459,0.05819813005458216,0.05682969269846193,0.05853733836986969,0.059701177495160414,0.06980637152384842,0.0604195370817407,0.05050210548802562,0.022935003287721176,0.01471535605641887,0.010783621784915785,0.0033043792977580254
58,4972,0.0004732155727414309,7.607815948683865e-05,0.00023725279808490767,4.44103877195124e-05,8.471527536639576e-06,0.00011919501887087986,0.0009877334751011294,0.0045980534507079895,0.011213991916989366,0.016571635207449774,0.0208114028786255,0.020233350748574335,0.014870082313787785,0.011733005705718644,0.017961927790362278,0.019403026354922345,0.028745585148535566,0.022501516488897606,0.02317358078209122,0.011264931830833843,0.006214493610277601,0.0025884102529683513,0.0018193762971317614,0.0010920015809561822
59,4973,0.00034968080725561034,0.00018696883428343962,0.00017101521607148398,0.00018836279311627326,0.00010427917904677415,0.00034296674454983747,0.0015095209948808627,0.006864948067318639,0.014615523117138542,0.01972969205730009,0.021344215520428374,0.022157783504912692,0.016210559251137013,0.013262996288480024,0.018134573227153426,0.01995330672378331,0.02646833527383771,0.02371287649383984,0.02078786580638794,0.013597318958100945,0.008804884450040403,0.004663746538921569,0.0026816421017757178,0.0014724272047942257
60,5081,0.0006854829014358258,0.00028871484874592806,7.408485109513803e-05,0.0,1.613872815687813e-05,3.466812787915386e-05,0.004533536961581174,0.009968994676167622,0.03934267127487262,0.05330262631742359,0.05537856894791553,0.06146977758596834,0.05444985964407879,0.04441238980722553,0.05054576688474128,0.047502939473202936,0.06089579114834706,0.05852922685773556,0.05569068115116242,0.03905334514082755,0.02433615497358403,0.021025599562329828,0.004336241123026184,0.0029770252809923343
61,5082,0.0005986313838636226,0.0009248301356996249,0.0017727610359364607,0.0003093997818568135,3.64785902716377e-05,0.0005076711893063936,0.004192060603097804,0.013343992852889402,0.05818292209302243,0.07147053172327666,0.0769000138705103,0.08774540542340165,0.07502067263342126,0.05857344680301691,0.06502977397720275,0.06843266089733682,0.0782280575956166,0.06509139687783808,0.06290081099211271,0.044270406510125086,0.024690103288319144,0.020570545072710174,0.007299538666678632,0.0038196429769780894
62,5083,0.010985794127737232,0.0035730353512687693,0.006338279165676553,0.00013186014779966403,0.000749809195747236,0.0036588953559568154,0.010049294555466938,0.09570321264512387,0.2667042313919692,0.3818335893379075,0.45100066638584224,0.38474587954438905,0.4135391415493799,0.3287366798920979,0.3644828050961,0.407722477224108,0.4494661264203308,0.44222557055327844,0.39601118720410156,0.3141442395448988,0.22518629214850644,0.15099300338862626,0.07681236238937861,0.04827721435247378
63,5084,0.009203121529443564,0.0013187162658966135,0.0030619835732429985,0.004579528580549076,0.0011938668875988408,0.0016253589087437841,0.024042064360584956,0.15178627266204364,0.46838152473727995,0.7158034628362905,0.8568632251360707,0.8785819703452545,0.7286317857815934,0.5559495207978659,0.622452138401702,0.6614488256020696,0.7700930937255305,0.695412641591747,0.7162041688953936,0.5613425752993639,0.341802076143177,0.24304357681371194,0.1158373375998265,0.0666538574069151
64,5085,0.001239043030879028,6.113739418560237e-05,0.0007435919170345611,0.0,0.0007246433567842719,0.0002616331761031997,0.002316378621945882,0.033414665716718805,0.08577072805185969,0.11851606115586313,0.13683159403443815,0.13053169618673274,0.10494211929161816,0.098977972461809,0.08226511772098652,0.08457357808367408,0.1168257793399707,0.11215820494866682,0.10938110458286504,0.08955184299350996,0.05952355388848642,0.0425959814660853,0.022883795773165978,0.011547638082320889
65,5086,0.0022045426409605363,6.349800275452567e-07,0.00012347034698203773,6.349800275452567e-07,0.0009413083772235614,0.0006167303304109817,0.0018786000212396023,0.02332153236588977,0.06592495509637049,0.0847495753221534,0.08257160155628972,0.07573277868636288,0.0766795714134479,0.07841752309508915,0.07998439877419461,0.07772306223095429,0.0838030513244688,0.089441272758599,0.07465624094004546,0.05745381666144775,0.049727477557191764,0.02122815747783722,0.015127585050836199,0.004476610724989946
66,5087,0.0018676241296662454,0.00014261042240311722,4.526466747262932e-05,0.00011525992094504438,4.526466747262932e-05,0.0007115056496544851,0.0019061101282341548,0.014153721869890027,0.045939669921250294,0.05299281108439331,0.05497580260200946,0.0631129052534359,0.05292109406624003,0.05177312757573045,0.0544606358031198,0.0494246661399602,0.051352626006101715,0.06599372834008892,0.05016258909820351,0.038113603929482744,0.03334264768014888,0.017263816901806266,0.01079179959509517,0.0051017932055746895
67,5088,0.0032171071000901895,0.0003690065932969853,6.059123246978796e-05,0.0001244521184141373,6.689550594447295e-05,0.0005886654348694302,0.0016010492287093284,0.015053372599847297,0.050251037578890656,0.06267836663124211,0.0707782351620423,0.06978992736350377,0.058268337467745894,0.05497790992472478,0.055020901739252455,0.05736173555186858,0.05787160362738376,0.07396089822787492,0.06286822169961802,0.038890065859976015,0.029719060056828624,0.016174335819267246,0.009659943156282559,0.006063029846726762
68,5089,0.0008536080281981098,0.0001787968670548318,0.000126254456581395,9.778571545245113e-05,4.4559584024125486e-05,0.00015436343954110344,0.0012543949637713464,0.007024822644306569,0.015468024715538767,0.02104990848295719,0.024091731453971896,0.022997765547149118,0.018013616259596577,0.0156152483620847,0.020106392899224813,0.022571638851779856,0.027943074448134066,0.02641258919140516,0.022678173297752544,0.013768602491535886,0.010433691343548043,0.004908676436599474,0.0031682191859517066,0.0017839773720295228
69,5090,0.0006615974721861855,0.0001811870847455337,0.0003129366816266664,0.00011979948033797503,4.172276852172588e-05,0.00011979948033797494,0.0013222932244950957,0.005020430226018604,0.012209647666438558,0.016203031045845934,0.02189917343945715,0.02192315909776983,0.01451153775082368,0.012016637737634834,0.017216445795597536,0.020850800331039414,0.028104938285434075,0.021842017652271884,0.019351768655400572,0.010951739274642462,0.007147404762569849,0.00329751052187703,0.0022918387133023747,0.0010120532203556512
70,5198,0.005205057299851807,3.866136263957694e-05,0.0005821249382135205,2.6363174718212796e-05,0.0005036744179997349,5.846694147171613e-05,0.0033824642137743745,0.020912394890413053,0.056361918563909555,0.08694177313634192,0.07668622084607027,0.08963914549196442,0.06746129983385701,0.05860865022255125,0.07987823899380628,0.07386082078109947,0.09623883882369663,0.0960731779606304,0.07620388140669017,0.05970604616084585,0.0356175401478292,0.024651503993141987,0.011681831713295397,0.006403281836891601
71,5199,0.00319962213629858,0.0014907888231990966,0.001358563650924745,0.0008630141811420456,0.0005752111920725927,0.00311446134017867,0.008099450572723758,0.025512080950915048,0.06547316635218194,0.08399507442636016,0.09721763525092879,0.10571321969250828,0.08060681553780268,0.06803256733649161,0.08614896277433702,0.07961866337039478,0.10161833208920347,0.0999022125163854,0.08501673853479659,0.0640866527231092,0.03654620649865064,0.026216610202039546,0.01565487721077754,0.010470215929728115
72,5200,0.0092374216682628,0.014047058228881248,0.00434937967982972,0.004792651013786406,0.002146498905721354,0.005992154033297464,0.02921864820546679,0.1706285268309992,0.5752471283177294,0.8653445385711804,0.8468901115456271,1.0,0.9729781934559637,0.7337259814556563,0.7346575498025824,0.8085309932987512,0.9835707928883148,0.9730364786820452,0.9263306617209935,0.6189375196988816,0.3740250530631513,0.2723488534090931,0.15639823025652955,0.07991109319258398
73,5201,0.020710904260682568,0.006925883561988688,0.003965021396427273,0.0013157861045071956,0.0060333591309896534,0.004838981632234655,0.028965628507965645,0.14171057601143078,0.549426236579293,0.7201508982720694,0.8999461345606004,0.9123450412906478,0.7932426324824116,0.6253868601306403,0.7111850874306923,0.8123785043047826,0.8690158886837467,0.794380173082923,0.7031143757376203,0.5043216190270463,0.3006820954468074,0.22284485946387897,0.09003324650266506,0.07238049924371663
74,5202,0.001321659287054464,0.0009759019562961787,0.00010110258011869829,0.0001293805571845877,0.0005459433511767708,5.9848626359543036e-05,0.0024909168809424446,0.019316065964636208,0.05396824552856342,0.06642770369290898,0.07480687607687625,0.09573547967736763,0.07784939156206554,0.053097094755893574,0.04929640201462651,0.05617496251492583,0.0780474501346344,0.08186142897931191,0.07135954645782376,0.04897172577989419,0.04722579331031145,0.03211285753632202,0.0073232307369497695,0.0058431833278364785
75,5203,0.0019273539073093023,0.000519473627493278,0.00016706228412113934,5.106450495708011e-05,0.0012888800942831907,0.00042673015338262285,0.00149543893706198,0.01320828456732529,0.04338071852725848,0.049009926869701514,0.04714740792479088,0.04519095310922052,0.043959334386494596,0.04724026820440274,0.04725493952520812,0.048595219014711456,0.05338886924635262,0.0516867625076387,0.04412441518485451,0.03562288659317148,0.03641549513599855,0.01570553232796241,0.008908170568681406,0.004864914261967011
76,5204,0.0030195109290832695,0.0007073695926579493,0.00029444622553880326,0.00015505696589613663,0.0026936387002498563,0.0004941841734913351,0.001454095330753706,0.017236118548089933,0.05471030616067609,0.06163659710578899,0.05842306740588986,0.06875086201503815,0.05737527525581551,0.05487356557757301,0.05460454686625913,0.05538953737366252,0.06363099883256662,0.0723149310922116,0.05704945435951076,0.04581800995527295,0.04493637861805785,0.018672612885943195,0.012479442786221286,0.006405390605432666
77,5205,0.008975934466531357,0.0005749934186656594,0.000925294803014859,0.00022801398765183537,0.0002498294773940837,0.0011749865080290596,0.004082101216318636,0.020168400914746344,0.08551532053987884,0.09429400632928496,0.10592798224169167,0.10620833380939879,0.0930663758862081,0.10182479851253814,0.10136974228209436,0.08975363471640696,0.11065040616085096,0.10334101054312887,0.0905782125785004,0.07013133650716871,0.04324475753328684,0.03188871176628063,0.014373753896141588,0.008517180833062184
78,5206,0.0004528497300712447,0.0003351855848516979,8.941535284705033e-05,0.0002529953149265016,0.0002102870799342786,0.00029380920121326905,0.0014452107735630003,0.0070375800594024715,0.013591106152418677,0.019276605495664133,0.02128643985916292,0.022382607416889484,0.01572407109483146,0.014688504026146567,0.019400237447362443,0.01955897746441292,0.02356782587510637,0.023469769518247318,0.020368607227626415,0.01250726161020812,0.00803372720181272,0.004574689963966445,0.002451779078742762,0.001494473296725024
79,5207,0.0001686439415160408,7.901233508487107e-05,4.143066729282575e-06,3.8718109290400424e-05,1.934902006463181e-05,6.46182799876607e-05,0.0004950630023897627,0.004179654169677246,0.009456615272264797,0.012521906177179763,0.013612631717146832,0.013870465686639258,0.012186266296710562,0.008916918097260322,0.010271842981704802,0.01339889224267887,0.013697871960098295,0.01525994932619322,0.01233546479630192,0.008029051799013094,0.006478124727301612,0.003881963025875656,0.0016627476259564581,0.0006554161608676386
80,5315,0.005442471673863072,0.0014489380563231953,0.0015421464989199961,0.0005414586437133103,0.001413042672339175,0.0012166616074719046,0.003256328446155397,0.01664439729724655,0.04149199264086265,0.06545662907493785,0.06484101747146205,0.07092147224702981,0.05257042573660853,0.04152044805930209,0.055887835231902265,0.06206738301014911,0.07099915582058511,0.07054403240502762,0.0652446918177039,0.04456855207821828,0.0229736516847315,0.014871509850265205,0.008176622544369204,0.004756789801857791
81,5316,0.007253515971960653,0.00638322600954707,0.0032653237230388567,0.0015861893014445794,0.0015913426723085996,0.003153198522549851,0.007775118005902871,0.01443902290983821,0.04877793721217153,0.08003490878181341,0.09284478465110069,0.09673411219944199,0.06969156001774213,0.05323350105333998,0.06398464485514349,0.06690728725874143,0.06376831174550614,0.06927143695467425,0.0529529590632904,0.03320579619654501,0.028506789493333944,0.017674515625454145,0.008588984907176427,0.006283575569729079
82,5317,0.011925999077852422,0.0038589889985077945,0.0013520672058962774,0.005968734925600695,0.003688448859567478,0.006444846221570476,0.014253089987168517,0.09387508506082833,0.28916098332528795,0.3988339624355424,0.4745599012762186,0.48368032810715483,0.39471514182212697,0.3157082628301575,0.3910052684939291,0.42651256373268653,0.46902115302818226,0.5490429777964559,0.41029089028264515,0.26994928695493603,0.2045489213304364,0.09198777260385785,0.08307684150326392,0.04629395412090851
83,5318,0.003182671524423733,0.003423978574190191,0.001328205832640858,0.0010297274755077812,0.0011789691386530539,0.0050450870370856325,0.009559876444244525,0.061012518875819856,0.2455471607234141,0.3190689291874647,0.3692698681649005,0.34728400720026853,0.3343761606974529,0.23162068589137133,0.3133483677104665,0.3149340316190028,0.3206388565726421,0.3630591766957264,0.23573417666500188,0.1747363395161778,0.13543185690166357,0.07621221774791052,0.02859951975318848,0.020541225100390754
84,5319,0.0020388549060736554,0.0009217998727198606,0.00014665078598922356,0.00012452420673272321,0.00014665078598922356,1.2563806295464083e-06,0.0008540203961476174,0.008401524289419192,0.03542205491197005,0.05218847392990266,0.05377121266850348,0.05397925626954006,0.04055893684366042,0.04279535055213721,0.04378608450639389,0.03666595335405851,0.04499697828203061,0.049760499647837894,0.05432858258566365,0.03177541795300899,0.030525950941856582,0.01753611972703263,0.006368372584270364,0.006078290416858398
85,5320,0.0016965160393298505,0.0015387685635364207,0.0002216936379624639,2.565882570014869e-05,0.00015915777230644842,0.0009002948175141972,0.0014728930442981934,0.010684532582482536,0.036354594180119354,0.036933036329879994,0.02804149199510882,0.036250092299308895,0.036079265079562335,0.033971083603215955,0.032043071417121725,0.03556945942497545,0.03873418545262683,0.037676920220011394,0.036347075031895375,0.025895593074571458,0.02979641496340681,0.0150940768169155,0.00703612609437852,0.005763787511303663
86,5321,0.0003756880594645222,0.000464014612056083,0.00016248561431695413,0.00015415327234018672,0.00016377033114394515,0.00035059500357790846,0.0004460895615919515,0.004499492903374359,0.01434562566561371,0.014115656687950489,0.013563231019433608,0.016925136922565278,0.012068980517773047,0.014145722389428555,0.012201648032793921,0.012326261602305752,0.01355169531245834,0.015771685911094038,0.013760483442583831,0.009107597015548464,0.007399716262652337,0.0038694975444795183,0.0018024093067051986,0.0014522496522957756
87,5322,0.001236893679292231,0.0005363045906725515,0.00011337756131557235,5.849768237864035e-05,0.0001399454638109248,0.0006581350941499673,0.0014855875868866604,0.010290334800921713,0.025396031490195398,0.03739683491567557,0.044416860160487355,0.03986513026469485,0.033766025224417844,0.029669079381689074,0.0309771893597446,0.03881258393870966,0.03941460409346561,0.03764530870855957,0.031745400906457964,0.016714441843493903,0.014829689298711427,0.006350046502280118,0.005090765664125845,0.0014486606248856654
88,5323,0.0003107223089098743,0.0003181027469601206,0.0,6.477760313408575e-05,0.00031996483654148425,0.0007182267363341091,0.001783178475828946,0.011421314318346983,0.019279354894401038,0.027034526330782696,0.03275203718640092,0.03211886615224057,0.02122957144498598,0.02559949799150954,0.0328477070738703,0.030587647920158702,0.03082874946061795,0.035784273981651724,0.02768794255438115,0.0166741522264453,0.009070328535078468,0.004237674284009049,0.001250315864909168,0.0007926834486291119
89,5324,0.0002863215953894457,0.000286149786035075,0.0,0.0,0.000286149786035075,0.0005880583605542241,0.0012092992672876604,0.01121988042215494,0.019490003178638974,0.026793189125794054,0.032563236444869297,0.03284230157043306,0.022769743925504037,0.025162545828693234,0.03208236713796225,0.031575091452182624,0.028876529639591444,0.03565931933958841,0.027794648841761558,0.01574724498481391,0.009577989161840893,0.004442396653720245,0.0011609837803941887,0.0007053338563034924
90,5432,0.002958153015529056,0.0010581238437853443,0.001155123747219459,0.000642786288336525,0.00019317626161137604,0.0007834105489123074,0.001894511429323498,0.008098803206895242,0.03377473345138855,0.05662643905728625,0.04409203057924616,0.07403765056311497,0.038171333985273004,0.032907838637771,0.042131583981087496,0.044155541142400986,0.05525375877767194,0.051026425790542104,0.04618879259877318,0.02622005275243484,0.016681809646923427,0.012811918677596769,0.009743351047561586,0.003569654321811599
91,5433,0.0028926690205917285,0.0017092411221552352,0.0018743146277369282,0.0006679908674465482,0.0016023446083080315,0.001140948568902217,0.010987661218937522,0.03928257192472691,0.08756776456876976,0.13520457256021517,0.1488750252234232,0.16542700955721298,0.1203922023365424,0.08608049909972489,0.1167487249498911,0.12451981441337608,0.14242515680453155,0.12818186037098442,0.08218549756255765,0.06751782009997462,0.03611699482408521,0.01683760475381168,0.009198935485146428,0.003156652214658385
92,5434,0.013852530817064501,0.016326061276745667,0.011892927970194601,0.009124142032306978,0.013098370151986368,0.0143874346665946,0.018169840369673347,0.0914331263610338,0.3725861409668338,0.5639815715619968,0.6191210397569274,0.5532598586269866,0.44956739223741254,0.3732262816750048,0.3901507210080544,0.5223207973106068,0.5069352567149843,0.5165403879509494,0.4196336262271851,0.21562367443526112,0.08944068873961156,0.05201974755082589,0.042509375589907486,0.029992451706384943
93,5435,0.003452161590981537,0.0026541951312676637,0.0020323747418177366,0.0007896665493458213,0.0014105258861683498,0.00418864773833667,0.0139954335099564,0.03644244403129431,0.11557583170809847,0.15401306698425046,0.17114569273137056,0.17158160579880585,0.1395859253306057,0.10935469665062551,0.14296025197810036,0.12953869690292183,0.15643992027259498,0.1506921755168815,0.12157240416247472,0.08046391716190954,0.06883104277546447,0.029715884884785403,0.014700082984671481,0.011357834195540564
94,5436,0.0029801459263269804,0.002679314247998887,0.002118871841140269,0.0,0.0012980835214891262,0.0016789950377326935,0.0037734898163052635,0.017110199251354055,0.061085526069187705,0.07414606834137298,0.07930188520722008,0.07694108715446757,0.06864272376591371,0.05919460912443147,0.07084339012422713,0.05907189447248875,0.063795272553108,0.07978160607450988,0.06022620443867089,0.04550357645842111,0.02932028409045517,0.014890097861019884,0.007092155248993835,0.003438142480678168
95,5437,0.002769919019129775,0.0011590338773140956,1.8323249005955108e-05,4.924790112476079e-06,9.397449352883602e-05,0.0005529885973788557,0.001786798522681972,0.014288597100500101,0.04802352713335401,0.051561707371073656,0.044725859695770254,0.04932982113865834,0.044301202621756,0.04602474390079508,0.04199448006473576,0.05090986416679876,0.05153303397058567,0.05171135920658182,0.04178468357708166,0.03271638259994276,0.030388196755593958,0.01726150116166933,0.009568082688228903,0.004760873876522395
96,5438,0.00147981665744908,0.000497319606507901,0.00013321517926799265,9.423033246760874e-05,0.001256799959630206,0.0005169220424730615,0.0019984809644661523,0.011880530378343681,0.03770246031007722,0.03949379258163479,0.032618992296473526,0.03557199083113578,0.034975181778265946,0.035328238009846774,0.032172869605027826,0.03791514156813342,0.04006745824876129,0.03769063927331908,0.03706040649051582,0.02724198814867379,0.026974028429535227,0.013785317463085086,0.007810614930050631,0.004968104207244744
97,5439,0.0002065778908925515,0.00025810191530470654,0.0,7.103747277052315e-05,0.00025810191530470654,0.0006128072810801127,0.0012039705317936592,0.010167815661429066,0.01674564384130595,0.02448384879463526,0.029641839218895547,0.027937716492044677,0.018938856716923816,0.02355226049884603,0.028063576008146133,0.028109026468344074,0.02757672795117819,0.03180701311044222,0.025306053779402406,0.016237022787179863,0.00848472075480756,0.0040891012793832565,0.001950662632541758,0.0005993402700915086
98,5440,0.0003319734318147027,0.00031182769370315756,0.0,0.0,0.00031182769370315756,0.0007081848038339295,0.0014640438709405364,0.012397391298196081,0.020823445851172705,0.029112764355124738,0.03541200324590395,0.03487744060411516,0.022549826390152475,0.028004387295660564,0.035951612442419234,0.03310756618330066,0.032592847402917006,0.039087302383270156,0.02961761769250505,0.018004755042784516,0.00962319345527846,0.004374409593538817,0.0011589842098363053,0.0006386560664966671
99,5441,0.0003571988894578726,0.0002977671543628248,0.0,0.0,0.0002977671543628248,0.0006623314727987009,0.0015716596029496566,0.011181896492566932,0.018806777654378676,0.026583980024292367,0.032433580319878724,0.03242178218160409,0.02086140334537299,0.02544594594336388,0.0333413578596783,0.030573301066054978,0.02989558493717828,0.0357165496360215,0.0275046147943888,0.015919432598192337,0.008742019750041576,0.0039868343221196225,0.0010865096441880465,0.000613487360671864
