,cellid,smsout0,smsout1,smsout2,smsout3,smsout4,smsout5,smsout6,smsout7,smsout8,smsout9,smsout10,smsout11,smsout12,smsout13,smsout14,smsout15,smsout16,smsout17,smsout18,smsout19,smsout20,smsout21,smsout22,smsout23
0,4379,0.0005055462772411098,0.0002488948744027373,9.501994754967302e-06,2.218214039994561e-06,4.771552337190802e-05,4.750997377483651e-06,0.0004822235828787842,0.0012833422060830385,0.0026753425547384646,0.004111411528120337,0.004899956611490231,0.003232623027343242,0.003418200207343347,0.004316911038596682,0.003134606515706232,0.0036941436098876703,0.002876945230861802,0.0026755275969971262,0.003813525094263028,0.0027151804455847117,0.003395887434744886,0.0038005147417059385,0.00278770725192048,0.0013811324778747601
1,4380,0.001622373494968237,0.001364785115051133,0.010338643640720457,0.01115443020617177,0.01085779282994466,0.011242949682215715,0.008890320995105722,0.0024970451974930356,0.00561700289283296,0.004994251554566705,0.0054045117326348155,0.0056112482427005065,0.006075333640693756,0.005639160593905874,0.005224378629334579,0.004582621731288228,0.005635685146179504,0.007947307589520732,0.013844394760909342,0.0069552739751670475,0.005852077815824014,0.005189170188116276,0.005335031088038761,0.002228028032987483
2,4381,0.001115138218999928,0.00036995478350498694,0.00013817143286938655,0.0,7.914818042456063e-06,7.914818042456063e-06,0.0004181828379861525,0.002092567986523234,0.002984192954628541,0.00264048954492989,0.0019894369421400385,0.002878290010769747,0.0035033305696115535,0.0034558679600182086,0.0025382638524490174,0.0030741498152253763,0.002176104746255937,0.002187185300333085,0.0032258948145538957,0.0021983108734300056,0.0031444678201211543,0.0017240827030423499,0.0019699011659701365,0.0014567781121815086
3,4382,0.0018698438395685021,0.0010419308392781207,0.0017510116533953637,0.0,0.00011818013568620718,0.00011818013568620718,0.0015245993104660565,0.011886557612744297,0.009923703974067609,0.014429639958098026,0.00938020545769643,0.00975371894936229,0.012648963417385757,0.017794907502531487,0.010852999879143376,0.017044173300842565,0.013721232167745245,0.014985824673480351,0.016102284162857146,0.012974967841803296,0.0169394930411037,0.014571106271725417,0.012701914482643847,0.009929519897343508
4,4383,0.002081106169356927,0.0012226153009354615,0.0017242038282220538,1.9020335338835087e-05,0.00010361548858535028,0.00040209850844942095,0.0017235282084035282,0.01306145671258227,0.011220526624647384,0.01570983713394287,0.011138981561394718,0.01101742715857422,0.014260827259952426,0.01870755713956894,0.012065409313935842,0.017346523425941323,0.015103159066702149,0.01588864624735519,0.01741321040071741,0.014363915627241182,0.017909526927320087,0.015497383574022154,0.013266723906398327,0.010571155966043938
5,4384,0.0013466752225011632,0.0010198356445644298,0.0008645890796218819,4.576465155589601e-06,0.0002952381801551598,0.0001804792308675772,0.0012079809797690584,0.007035377669446385,0.008002726512901114,0.009860091922459928,0.007425076600077941,0.009525618272564998,0.0105814973562735,0.01214665730910091,0.008744721280165953,0.011242686257553754,0.011437413395364299,0.013557765989755638,0.012157484618491685,0.009084846703190767,0.012035792959767712,0.009305918343641043,0.008323545894865786,0.006746061085554968
6,4385,0.0007076933403277137,0.00043338652158518304,0.0007126781989552891,1.0417350700867915e-06,0.000346349966848398,0.00011601779722047545,0.0013298693141249845,0.003959428584431643,0.005927097733193259,0.0069608183623873455,0.004599506381733894,0.007147177409068053,0.007249393173607638,0.009843820939556883,0.005946065687907871,0.010600865324092018,0.008904284182741687,0.011432222984589827,0.009153585063353243,0.007258515472576205,0.009827380981845876,0.007068391155583684,0.006290590031716895,0.0043910448119519946
7,4386,0.00020815974229651098,0.00018953370806099694,0.0002942842710438058,1.1828825226961195e-05,0.00015342580592143427,6.382078179523629e-05,0.002070896737992508,0.0025087922459844708,0.004150338001516983,0.003430031488477544,0.0019500507964796338,0.002760970710976119,0.004097077679299148,0.004896873985533883,0.003116731377296021,0.005412597591432121,0.005829506083038822,0.008264718173351051,0.004227219625672131,0.005951846985190393,0.005539833444584519,0.0044410638518669315,0.002635981791418848,0.001367073566738553
8,4387,9.202996257472709e-05,3.115982307405372e-07,5.193303845674524e-08,0.0,0.00026274581933134365,2.488478767954552e-05,0.004292508675634541,0.0036683823829308988,0.005993190105151161,0.0029325907524044097,0.0014822867622413854,0.0021104974885167924,0.004606078757319683,0.0037176722667626354,0.0028053676977141894,0.004064268488833332,0.0077958293927400685,0.012266650582710368,0.003643415025272558,0.00977921330823598,0.006026127327465281,0.005242321396422982,0.0018416390908003878,0.00020522394746914672
9,4388,0.0008925733186900462,0.0005650313712397089,9.34944972962331e-05,1.0160968655775573e-06,0.00011291433006340998,3.945664989317237e-05,0.0010335752950872284,0.005307477903897142,0.001177554832450633,0.0016358758072240048,0.002126473513922273,0.0012213751686720334,0.0017896142518828376,0.002188916498799109,0.003431425262330472,0.0028694820480698563,0.0038733713836137484,0.004329757784013582,0.004790968075464069,0.004110005455270717,0.004029582239262986,0.003955519559131068,0.00354547578063057,0.0008254159044607084
10,4496,0.0024823352795343596,0.00016890682423619717,0.0,1.4207356825281504e-05,0.00021689237003394562,0.00021640220089811288,0.0005447875904363238,0.002527227702844533,0.007616874408320844,0.010392805600919207,0.014472102752199003,0.009223795045173018,0.008946447089643865,0.0137152638556427,0.010945234404396592,0.011205026891124816,0.007778260571842055,0.007796218525259673,0.010815760626532308,0.007590297100641905,0.010263745634197866,0.011650064180749925,0.007582084818889183,0.006666330414716037
11,4497,0.006205005003530898,0.0017149151479727417,8.467473879621125e-07,1.4874124385415694e-05,8.145768558363477e-06,6.68058294569658e-05,0.001009000882820295,0.004253217999772164,0.00930910148408023,0.005665440043047374,0.005877363184511122,0.006732771046811451,0.007974968980106563,0.008051225192418757,0.007465843777309295,0.006023413499809417,0.005955837778381617,0.006968482363064454,0.009446557536967659,0.00590963295250856,0.008640958080424798,0.005478821476715766,0.005729888816175535,0.0028342682680977576
12,4498,0.006649405886259341,0.0022574902395924097,0.0001275918685203917,0.0,8.233635155549467e-06,8.233635155549467e-06,0.0014869794074981383,0.005671740162664975,0.009602157087308112,0.006251567107694725,0.005730897611357207,0.0073462344958039215,0.008553544323223453,0.007580601720649122,0.006629446389350792,0.005367400095350538,0.005987449960446916,0.007247351958934231,0.010119307155543123,0.006192805042844284,0.008145944086627017,0.00541382265530577,0.008359452825873607,0.00298805668435542
13,4499,0.002696892493708188,0.0013156420981304466,0.0014559899276903859,0.0,7.87389275188634e-05,0.00013107442334855653,0.0020252813297517718,0.011207267621349186,0.011195248283092357,0.013314712190646522,0.010240109816366551,0.009900436432530928,0.01361437776118177,0.018163968540828797,0.013060587810781085,0.015094781756440235,0.01665762865163784,0.01707135726616671,0.01615469579356256,0.013557665500887679,0.01682885615193485,0.015090577467721761,0.011903464300598018,0.009413686125722989
14,4500,0.008555018302267616,0.005590072383519565,0.004586773052675959,0.003413769233785209,0.003442107559102607,0.0022911082196518983,0.0026863284303643336,0.017354079459212662,0.019875848026919312,0.0256417986828494,0.031603947713131304,0.02149698053297053,0.0292891949403924,0.029782625309861473,0.022167867788865394,0.02404343879821953,0.02683455623077844,0.03293673649574724,0.02921658326261211,0.02481066171846047,0.030389369771299263,0.025981625699458322,0.02489561260726156,0.015247121716290305
15,4501,0.002338328984554732,0.0017866069893619067,0.0012122269895479063,0.0010018714463292922,0.001255775490202107,0.0010227496399232128,0.0014428639651535673,0.005299353927607517,0.009033313813861054,0.008584692862612228,0.008162867603543138,0.010783510963565326,0.011668451858052853,0.012550077996735826,0.009560618120191407,0.00943766844424867,0.01161531206591459,0.014963873918022471,0.014092552829771024,0.009156450316149875,0.013484314819956692,0.00943591450393878,0.008113503979251431,0.006220810512120508
16,4502,0.0008447898014303045,0.0006995343852625753,0.0006492771773873079,0.0,8.495746544646965e-05,4.1463717154731656e-05,0.0009281567493357912,0.005187263485010634,0.005498003724980138,0.0070278310238653715,0.005136897741854853,0.007336030297602774,0.0072039822222211775,0.00804889819311236,0.005079294436560504,0.007138626011508038,0.007094331096081524,0.010093183975606409,0.00855249167111192,0.00670151550720686,0.008717222645394106,0.006547298897082002,0.0058625396340194254,0.00446775410629975
17,4503,0.0014490277355072964,0.0009037718197186102,0.0007573753957582882,7.511411347083882e-05,0.0003445786349441747,0.0001589354972108941,0.0010843569081736028,0.007458827947887427,0.00648100072447905,0.008268187590966597,0.007083861261153789,0.007258651991775237,0.009072843231212617,0.008807513995733294,0.006576167747202814,0.0076855201068314425,0.00795389157297586,0.009447215382638806,0.008827754923242313,0.007644420701281602,0.00907760722446166,0.007518243427423311,0.007231842571430431,0.006359686931420857
18,4504,0.0003941831277582337,0.00021321934355755679,5.461238441686275e-05,4.8266707412200014e-05,9.559427515991262e-05,8.624002124785443e-05,0.0012041020216818435,0.002092814806231425,0.0025153853162081714,0.0017852336045567747,0.0018492935759035125,0.0017878178296834646,0.0031068862859522164,0.002190140873971252,0.0020816303121584854,0.002118137625881169,0.0030559624874565245,0.0044678905419499055,0.0017984341158373454,0.0030177143420353843,0.0025587665849084,0.0025550920006377304,0.0014123247522897582,0.0008639088901700871
19,4505,0.0008923780268550967,0.0005589406417995048,0.00015066266107215267,6.967210156790408e-05,0.0001628936756836967,9.780159701626595e-05,0.0007387964977920578,0.004734359988775529,0.0009546670830478038,0.0014266389133671808,0.002079702097663262,0.0012025823164946694,0.0017146784743223623,0.002157806542470318,0.00312307015869293,0.0026340665561983808,0.0033599148131168684,0.0034835606242353202,0.0045080508948769265,0.003515328339235759,0.0036839866451831346,0.003620340092936056,0.003439008836055544,0.0010005017970558354
20,4613,0.0067401162503824864,0.0018766128889613964,0.015503097924978301,0.016740619088289426,0.016498197009329422,0.017182461831288947,0.01351049647377953,0.007854262726500938,0.019546721750792636,0.017300906257195273,0.02522636103095052,0.022829377095768825,0.022037664729659394,0.02518404082813688,0.025809154683258104,0.02120824079651338,0.02159195000649341,0.026177340434415063,0.03279167790039213,0.020995242321101254,0.019444125971644733,0.01971862204170339,0.015408207333269548,0.012415576919380118
21,4614,0.0038781259250260857,0.001067680417561476,3.6812770702704274e-06,0.0,4.708692190584614e-05,0.00010064447175203931,0.0008005821366562196,0.004197419070541971,0.009078584227910405,0.007881049139867029,0.0093713875019725,0.00908510486170495,0.010425853465013762,0.010894759582272012,0.008940944163760322,0.008337759883693266,0.0075252101241276995,0.00787969429429811,0.010799492523819216,0.006741319903254589,0.010127902957190007,0.007572198255326714,0.006284495457064667,0.003747651297125579
22,4615,0.005400225085787397,0.0031553440118739584,0.001103634397563118,0.001121671167853162,0.0010896234202002145,0.0007302504881892418,0.0011251477707246104,0.005223390860269847,0.008805948867719586,0.00593582108857986,0.008184183889968286,0.007126647761033831,0.009252741268795757,0.008118192990934761,0.006978645886739119,0.007708303143724273,0.007907464919167271,0.010031165846839737,0.011238250732243328,0.00586196924299368,0.008424186234661332,0.005815923255057267,0.006120203792046765,0.003878904825409046
23,4616,0.003100758410261025,0.0025969780332650103,0.001373739478993324,0.0011261292836430483,0.0010896234201256895,0.0008157190759802938,0.001649598341509712,0.005914102258255698,0.009857825500306535,0.0066424840145476475,0.011173880305121444,0.007549652985894312,0.01191211232211594,0.012793037755829484,0.012560054898599115,0.010088583791144985,0.016412946803221237,0.015570306392563207,0.012076239178453007,0.009235465347333492,0.009482926041647584,0.011321610604270874,0.005604277258305645,0.005202283918432849
24,4617,0.005306758844693546,0.0041082911178631455,0.001552054103920726,0.0011964232224273418,0.002443126223801102,0.0010645970905310937,0.002675655552353714,0.012039120743712377,0.017317900632674067,0.01820443817174675,0.020893909165827895,0.025564954268483965,0.026179823597318335,0.02145616145935211,0.018089284924557927,0.01699518942108752,0.02400209291537709,0.03331920946540405,0.027179365998988975,0.021302388631429144,0.023884776981998597,0.014726833805418225,0.018675069865593072,0.01537092644624304
25,4618,0.003607526633401094,0.002293005078363103,0.0004757818489639876,3.979776124584612e-05,0.00021138219647534283,0.00039816240465635,0.0028175431967746275,0.009543946637973953,0.014136591967247496,0.01526264510211794,0.02026708213859233,0.020893854772716176,0.021093388268278588,0.019590400094468247,0.018512262121674717,0.013299030709791044,0.024917753640134887,0.02860947264721183,0.026993675332137163,0.020041201651992444,0.027034316092272588,0.018196923270954134,0.015103338876829126,0.0126869505445284
26,4619,0.004517022766897147,0.0019509062322394682,0.0006657295526982321,0.0,0.0001317022279729355,0.00025316146635518755,0.0026525421718784402,0.011737380354021056,0.01516901520087357,0.019614280885073873,0.026600221235769453,0.022085606663175657,0.021839956851093145,0.020822500447908867,0.017056808449493414,0.014357394128318629,0.020111956771182847,0.0301049374808426,0.029906231853426,0.021869903952365353,0.02691330759469633,0.020438316313484996,0.019908325486200945,0.013774275634325045
27,4620,0.001910591242538209,0.0008539971131202178,0.0004499137162472916,0.0,0.0001576086235227875,7.717418311656177e-05,0.0015052183965623253,0.006329277340690664,0.008843044656865919,0.008547838092879198,0.00799114721512861,0.009722961013480583,0.010243615359287032,0.011398671144082578,0.009122295622319285,0.008774348273293939,0.009151593201218436,0.014317602196796848,0.015696965695799023,0.009663733064982184,0.010480598634189632,0.008796583670288844,0.007450418645081816,0.00616591235776993
28,4621,0.0008767476887743186,0.0001232980534820004,5.3883704865574544e-05,5.522975200483886e-05,5.493294135271889e-05,0.000158240638671384,0.00045943325634863874,0.0028321908611572727,0.0025179163052010314,0.0024221008912119497,0.004098507091485354,0.003196859369221038,0.004052848629356886,0.0032248333404866726,0.0026279866142764597,0.0019070003938549186,0.0023321448192198525,0.0028123764072991143,0.0016939322001092068,0.0016297970708136025,0.0021639892148870286,0.0030651610798170933,0.0019270265247372353,0.001374485267026159
29,4622,0.0007258605959639573,0.00037007538341361665,0.00024454522369433545,0.00023590631920715653,0.0002848708629004824,0.00024750120257236504,0.0005583163800657292,0.0016772187122026249,0.0016915358509202907,0.001156264721505317,0.0018562149344228636,0.001704202588393457,0.0025304923708688487,0.002302825187537328,0.0016778520738281806,0.0015619236982252727,0.002117286301100216,0.0023004613013556984,0.0028923001380939265,0.0024130878265812674,0.002376991004428716,0.002103938991653348,0.0019282867906670245,0.0013245726023644157
30,4730,0.004267914211403792,0.0003442465702949742,0.0,7.394046800257122e-07,0.00016664169219598123,0.00038275511542873675,0.0006851802967424298,0.004351170198877045,0.010117074297166488,0.009717849418584359,0.01587581874666988,0.012678620995102346,0.013376136177742309,0.015818652049520255,0.015955147069041626,0.012317171444868404,0.011757696773969007,0.010428737618339883,0.01255139803537451,0.00866254575120938,0.012608764570550223,0.013601719827297897,0.00923081999400283,0.009003983379299672
31,4731,0.002606662094157473,0.0007727118695858095,0.0004184337977703498,0.00042911730602196766,0.0004473376652065349,0.0006642163319425074,0.0007488758515575318,0.006072681651969281,0.012226425102559937,0.012807370265593015,0.015015577343066315,0.014007981332168483,0.014250840457318309,0.015512249959831076,0.015452034133366778,0.01341129634684616,0.0150657980762991,0.014359251456229686,0.014951017745279748,0.008276522031214881,0.015165593429514582,0.01087220121248978,0.008067853747925876,0.006580364036383586
32,4732,0.002491027750642128,0.0030161747615661317,0.0006829228258631252,0.0006925538617681893,0.00070085960594281,0.0005152007317564906,0.0007278702385269873,0.006057198749940561,0.009048089271532585,0.005742724620499079,0.009306312246003721,0.0058275089077852145,0.008516277460536258,0.006644316982964949,0.006466290382858586,0.010215926692553461,0.00858155271014348,0.010384865374784674,0.01238844227881068,0.004732912821772006,0.008159193141682964,0.005464441508225015,0.004727299156471821,0.005294171282922841
33,4733,0.0015966233268347632,0.001452651258530612,2.5575237178877312e-05,0.00010830869674611921,0.00011112065370401054,0.00017849454737315192,0.0011581380519817518,0.006673228475206375,0.008294159154894102,0.006182169141691785,0.011290334900892157,0.008673743745202321,0.010634903533004881,0.008341986394815986,0.010764957763256207,0.010923572336617393,0.011734332026135065,0.011863271201927475,0.009489285515255637,0.007514014774700863,0.005990444753716972,0.00909934944035224,0.005405942179145607,0.00571777621311343
34,4734,0.002619058017360249,0.0010242022031461558,0.00021922807247546185,8.833087148595964e-05,0.0009591767652862561,0.00033210990983413444,0.0022902910971160624,0.007348407153806204,0.012717164176120975,0.01137660500525083,0.011425456942243303,0.015495128309712428,0.01602415260109619,0.016404678683629426,0.01634278710001813,0.01332530437718518,0.0197420671119827,0.021616693658042408,0.026290385152211018,0.01403320458814685,0.017970548096815097,0.012708683158791716,0.010292686645790486,0.010102080116627787
35,4735,0.0034552256779771372,0.001252830419476463,0.0004897567773383628,2.9720772445508653e-06,1.40187411334359e-05,0.0003925063121920803,0.0026699326577175175,0.010213247583537933,0.014844084892642816,0.01213281161336366,0.012839508021325172,0.013719688246385314,0.01770436027905749,0.021798706020751454,0.016809609821273067,0.012515157578827221,0.023562983419566627,0.025360855482583693,0.035693788154655536,0.01703240737536681,0.027565652028147366,0.019089820944872053,0.013960574292266163,0.01234141078064955
36,4736,0.002031889731081816,0.0004938750448331374,0.000261393157233587,0.0,0.00011711499850168673,0.0004139301861044512,0.0019309526208428935,0.006284008337074552,0.008843903909110846,0.011621736459792175,0.010721469374232316,0.014408278124396505,0.01117409315694546,0.012398398956628405,0.011614332501865225,0.009558080194699298,0.010765949961097181,0.017693753587880848,0.030986668246311605,0.010542316787944756,0.017284581553839506,0.012920674885934454,0.008856069842523389,0.010533856566353894
37,4737,0.0027638173421405212,0.001060422045530545,0.0006423764478046107,0.0,5.054036300525207e-06,0.0001407935594914162,0.001648075942355025,0.005175466655213781,0.01432010151301498,0.017901706895415856,0.017035854058810664,0.02143265752313537,0.01856636714331896,0.016888399160756636,0.01605258416198501,0.016041984178937714,0.01789696426599333,0.0244208901549035,0.026094613465461748,0.016174786770685616,0.01543566065809215,0.013838761831136536,0.012229906876231385,0.0085867193134673
38,4738,0.0016749118188758038,5.7471540822224094e-05,0.00023282155483509537,4.172283692100845e-05,9.072516790384493e-05,0.00017465622851554492,0.00035250042038640093,0.0030502054889355746,0.003994730232629469,0.004470954992898988,0.004959337788067162,0.004756014040314872,0.0050355883928915315,0.004658331242118091,0.0046809573772672065,0.005099841763547005,0.0042096511888667755,0.005914734286683151,0.005860780348982149,0.004793207920771483,0.004792161236667368,0.005284394067749065,0.003256805537470485,0.002123569030914573
39,4739,0.0010284690582331277,0.00038370698966438743,0.00037156351153301516,0.000371399247834413,0.00044897647016573926,0.0004271736282264173,0.0010387422932852932,0.002161431575801071,0.002889956282499229,0.002102040083722705,0.002883931020482121,0.002683968097732412,0.003717891531856105,0.0034680228022120896,0.002967334222110481,0.0027946932057461293,0.0031488651955998187,0.00418213776867571,0.0038815688872327436,0.0038069569137998078,0.004385399617339882,0.0035858764355698,0.003002764164152268,0.0021079313500440644
40,4847,0.0038093244568659537,0.0016666576221831646,0.007009370566755482,0.007850481504573367,0.007396661801728305,0.007746655877615438,0.006316439270296901,0.009909244161962117,0.015047991781621037,0.017552428413692495,0.014199954837280053,0.014291603934597774,0.016660636800442576,0.01286706882574494,0.013864158388940017,0.015452496079774149,0.014554325917744,0.017133871830284017,0.019919485057513522,0.012452429957419185,0.014570849180362335,0.014183840319900656,0.010956154155741055,0.006056303502073367
41,4848,0.0025367842564112874,0.00033534777919694476,1.258708897902284e-06,5.523693819240466e-05,2.0064319395090318e-05,0.00011481151385061876,0.0005724222194836818,0.008456512607550478,0.012087209055539866,0.012004196800934244,0.01607805106103171,0.014593080212132162,0.01680858960735085,0.014532012974568333,0.017964728920984857,0.014955398264087092,0.01436153565756883,0.013069078926401755,0.010935796737813771,0.008230729616605861,0.013752723470732857,0.013375089530177279,0.010896516119135842,0.005587989936904582
42,4849,0.0038909353133132402,0.0015552015471940763,6.881491605507986e-05,6.811563333402405e-05,0.0009718676649088984,0.0006096765031688874,0.0022219088997687195,0.012757098189742052,0.01729031446399503,0.016208292569982796,0.01952725979286583,0.029910201228290342,0.027832902334869042,0.019298824169050627,0.021366132477120714,0.017820767614798633,0.020766702912052733,0.02882375765426145,0.018005064433532832,0.01613496075950172,0.020610712887357416,0.016769649102227068,0.01649244131943841,0.015357130660819148
43,4850,0.010783905335120664,0.00472909500231668,0.0009393451209392406,0.0005262412299389199,0.00010227504211107338,0.001254042358709582,0.003378310330402573,0.020133243270370478,0.03567530308445825,0.04041676631318668,0.04574851832734625,0.04546393904381378,0.05931004186609921,0.04174319010758383,0.04599171818767708,0.044292617179591445,0.05131572003381034,0.049061222638336774,0.05214802543547719,0.03747134995285295,0.0576371496655844,0.029590831767592335,0.039593397417793226,0.027196234203792996
44,4851,0.005200998211672882,0.0017243675823422563,0.0008599809938906027,3.163330230329928e-05,0.0,0.0005998505290627486,0.002591076322191849,0.012985520389847632,0.026096875462690048,0.02798092545199755,0.024879082840045225,0.026207752439369805,0.03644436184143085,0.03788226802245209,0.033482080408173694,0.034622463820433394,0.04118366692794687,0.044685478464000374,0.04570790742666953,0.020516641302039076,0.046374191605452225,0.0299746668069706,0.022124841186774345,0.012475990582160928
45,4852,0.0035273910447870815,0.0005926282290571442,0.00037162898006982796,0.0,6.652056103394846e-06,0.00018267774294110318,0.0018969215838015527,0.008564417541353939,0.01510022390964134,0.012015832127385495,0.011262248406029251,0.01359654266225402,0.018333350446043794,0.020768590956517816,0.015055092479742651,0.014319103947146824,0.013561758381104396,0.018431242033533586,0.02717585361195081,0.011656400751325704,0.020560883355391663,0.013658531899050037,0.012129205687971063,0.008990845336682457
46,4853,0.002315367250601987,0.0014401261858185855,0.0001642431726863282,0.0,0.0,0.00035885504029817646,0.001817134338778707,0.007614352384714817,0.007760426829785087,0.011738733732926233,0.013202074036915173,0.017011179899718717,0.01366023954852871,0.014951399255574935,0.013136514714857241,0.010754441349647663,0.012208275109442184,0.021681096652091243,0.02532074018787278,0.013781762245861787,0.01939792350750717,0.015847194417073197,0.010668100072693275,0.01113545826107746
47,4854,0.0028794906943681283,0.0015535998816156589,0.0006844921900298124,7.516653540254893e-06,9.440121109463043e-05,0.0003314242348840824,0.0018626044163283493,0.009624343215657069,0.014999653916545484,0.02070762316434765,0.023818990633314933,0.0264881446014124,0.022554008689270738,0.02348486822806132,0.023140541944906366,0.01651771545547198,0.01862591904920636,0.0274829097729641,0.027368951502893025,0.018376982343625753,0.02048253524771143,0.019359317723597887,0.014747184807809571,0.012477961790683558
48,4855,0.001328667946412889,0.00016146568011378318,0.0006464824882581809,0.00011307129539397863,0.00019136476451859634,0.00015328884907955768,0.0007508116255538666,0.004131715054542966,0.007433762667811779,0.00798103088224201,0.00870597113362124,0.008457296627324955,0.008668873361484091,0.008037511438271382,0.009202294996483167,0.006888253024596653,0.0062185681152067155,0.010220891060884392,0.009498207131100282,0.007942096494132755,0.007260187156494444,0.006812639978295103,0.005207267886434599,0.004514787190579522
49,4856,0.0006878835297285797,0.0003711680331758223,0.00040108633761518813,0.0003426465494132099,0.00040636846228351886,0.0003212113224479786,0.0010263174226612924,0.0024206996249289156,0.0032690682471357953,0.0024928247547756615,0.002754937610178074,0.0029791524521785837,0.004528778294316596,0.003765772850459112,0.004076091051135032,0.003407690784702769,0.0038540613065308456,0.0060735399864291165,0.0052028343227631165,0.005118310325178345,0.004982397524488756,0.0038893674755318053,0.0034936198061676833,0.0026360867773602067
50,4964,0.0018057277930934635,0.0035877683829333034,0.04216541413751653,0.04562102257908054,0.044189168002706294,0.04585521607079701,0.0353767045012182,0.011718058857769907,0.02670327323797948,0.024788977027324497,0.025653577525777294,0.026022538906213803,0.026427347391876993,0.024553727836453716,0.024519848268415197,0.028594148322949462,0.02993687901958199,0.03846435946311868,0.05349039585283005,0.033020596513915534,0.02246431988631432,0.022850697024364635,0.020694757092500165,0.010808592257955107
51,4965,0.0018377749207856913,0.0004948214898776601,0.0001738404936347857,0.00012483010745079849,5.1208991096637626e-06,0.0003723106736572697,0.0022514605797403827,0.00972131681109602,0.02743176959988143,0.029797240703880127,0.033544910251401446,0.03273865608091868,0.03070862181899657,0.028297139245780912,0.029867234558032592,0.028971567790934887,0.03029645049808199,0.02800175254741655,0.019864531450813554,0.017352255905579816,0.015827337479688727,0.017345868134249393,0.0185429408834995,0.006314984863530673
52,4966,0.13864494240739114,0.08503360570148794,0.013568929855579795,0.01328856852394822,0.012935443888543875,0.012833967518006013,0.012066021440241222,0.023792275720850808,0.03738028351061316,0.04210756600429748,0.03257052640775075,0.054930228729453176,0.04581550395691368,0.04865610755048653,0.0418972954681154,0.032918635308263965,0.050759190073253885,0.05973326561754898,0.059415265145401186,0.06395147266413351,0.060679537772516716,0.10288199415801356,0.10538486055970979,0.123081968921225
53,4967,0.07435980899357442,0.03211840445496605,0.019998504022226384,0.018689356225067046,0.018866238698899467,0.02091274684941216,0.04201790397770637,0.09632203767348238,0.1135027694027297,0.1340839394402654,0.20085401831124483,0.15160871282239988,0.1691840782915117,0.1859331738390601,0.1616158631879961,0.1486652750039598,0.1767893310117209,0.15308425996991615,0.15025151518272056,0.14715172014510447,0.18514594841426962,0.17769676231342524,0.14874944709458973,0.13471242636040356
54,4968,0.00666804771414154,0.0015126128969498657,0.0005472173262548126,0.0,6.511153454499352e-05,0.000324070920163117,0.0032400603955194678,0.014399221288153874,0.0312673711197305,0.028824144307741432,0.04557165753354108,0.032273818650281526,0.03725488642061848,0.04382022694569126,0.03502357205616601,0.027752263035693274,0.03693295694774444,0.03999556077995029,0.034228238313637936,0.026317677468443094,0.04367961256737704,0.031166606342818676,0.02432888540053414,0.014211481320346562
55,4969,0.00349086915290494,0.000592019414921096,0.0001670738488452753,0.0,0.0,7.670522724142658e-05,0.0021851215822869256,0.00703988484995312,0.015488340932856183,0.014809446454181205,0.02103734114080214,0.023791665893020286,0.02478599553329912,0.026639005030760783,0.017888931529176286,0.014315442877549451,0.01655829971543627,0.022118366216146993,0.020000223265579493,0.014509272462178776,0.022878727272779703,0.014994424389705316,0.012194071641620898,0.008728587061822559
56,4970,0.004079392593018503,0.0018118945354717363,0.00019129382259258363,0.0,0.0,0.00042247221934985487,0.0020219171895932953,0.013969791350744987,0.013146774871762924,0.02457832547837798,0.024761466646528618,0.034882155108079155,0.03736098715780997,0.02967098259983639,0.024619836241476727,0.020904614816943792,0.019822155998524327,0.031449652878359956,0.026253825370863623,0.01906839124425043,0.03139281640762072,0.025228848669573485,0.017504530903588375,0.013465220444426999
57,4971,0.0032229432563471577,0.0004198804096112907,0.000975987411650744,0.0,0.0,0.00041635659278778977,0.00180291542362537,0.009484541334151346,0.017463299354793134,0.020600820324430846,0.026715988513045387,0.029978321319780753,0.02795838932692326,0.025025850133606684,0.025181094008794272,0.015366995533956483,0.01718783713737751,0.026378221540749293,0.023943964548483503,0.018573273029234817,0.019459251425905606,0.018267648632056818,0.013239674721634793,0.011622943399758981
58,4972,0.0003484559293285811,0.00014985599731908607,0.000219215548405042,4.373127324817877e-05,6.005919539792287e-05,4.576879049582506e-05,0.000584656135404222,0.0020646628072175403,0.003548993828466998,0.00290374710423396,0.0031839774162118295,0.003596539022847575,0.004455383298205562,0.003855121584069535,0.00530745652727765,0.005721241412452399,0.004809618014813957,0.007993201875568573,0.005317237030719482,0.005280570951304581,0.004590953168628624,0.0034132650985808236,0.0026529575136380844,0.0024507411591747296
59,4973,0.0006034064536295891,0.0003326165788851555,0.00039172678535541586,0.00014484235298219735,0.00017818876611894738,0.00013882872330442543,0.0007799144489065283,0.0036884674322699446,0.0054247408163278135,0.00449210652603204,0.004318721935702965,0.0036654265299677726,0.006069933034729832,0.005105665837088244,0.004656928835768143,0.00569607062327376,0.004659149936511924,0.008120834098740622,0.0070903726939964455,0.007500775859629152,0.0076865646372143845,0.00563976233197471,0.005609580556930032,0.0027309435743368385
60,5081,0.0032070656463625085,0.0009350375915600339,3.9255153327848515e-05,0.0002107789905856945,2.743866792024306e-05,0.00043583884464832884,0.0030219664740677053,0.012523339558107787,0.02690118330648808,0.02382226868253589,0.02497119282939978,0.01978506429284817,0.023301678167470342,0.020618308511433807,0.020754473450436652,0.02546336312457104,0.024287674020976792,0.026000835884713056,0.023732934356130487,0.02580533087242963,0.024918170796563947,0.01725978963025712,0.017225921919459264,0.009134070240770367
61,5082,0.0025837843882709575,0.0011059558601350956,0.0,0.0005229360118641313,8.510749818746926e-06,0.0003448845186054237,0.0029329768507970985,0.015275781586928485,0.03509953363367744,0.03539886291844575,0.03501473846195119,0.029390125037675678,0.03498227002289159,0.0323758652533048,0.02769248365809029,0.03095229814046539,0.03251246421842847,0.028410842431154878,0.025868273363671545,0.024997548594627612,0.023686060287527105,0.022858462617406372,0.025371536086325662,0.010101913691949793
62,5083,0.16481342187767856,0.10240676761316467,0.17930663213824627,0.18733106865133628,0.18204225771045915,0.18859319571114389,0.14886679200574385,0.07056148657707856,0.16259140939705305,0.15071007109802856,0.190969213073818,0.19388887362608062,0.24904007166421563,0.20508617399083523,0.19733563297374787,0.20305470364687636,0.2222219863978782,0.29276292176005214,0.31740976000457855,0.200108686745224,0.19094778522439237,0.28182677137299944,0.29494133016062096,0.22878251102146285
63,5084,0.08569121174176378,0.027480320229960383,0.015615264037366346,0.01112126754212179,0.009276159566294705,0.010322064161603563,0.030848372941361484,0.18194299905525166,0.21119392767728148,0.2780602738638547,0.40230945518691386,0.2995045563821763,0.3469872590081893,0.3350347367622275,0.2520981888427505,0.2865284927271883,0.28823309351364657,0.30557608067716513,0.27855602688637177,0.30502293790824925,0.28586031040048326,0.2792165478830185,0.2534524526037729,0.21788380406694124
64,5085,0.008137813415638963,0.0028766197123666127,6.423326947675113e-05,1.6551926044451782e-05,4.453070380663962e-06,0.00010313820693564333,0.0035021134760733997,0.031023790502361315,0.037339125547875496,0.04345872879462289,0.06820263486971477,0.07174654243670522,0.0788528527731222,0.05580643904495608,0.04985292378287244,0.04887314681446626,0.05255330578818982,0.059796869195417414,0.051844780688585994,0.04794654529884667,0.05901615661132891,0.0652977458890799,0.044201741338663045,0.04218183424149566
65,5086,0.00598980054749159,0.0008855913215715714,0.00023986878701251485,2.132222426057678e-05,0.0,0.0002978606229271846,0.005166581093620274,0.01500590592779185,0.02389239556413958,0.02736985687068179,0.04705416772176802,0.044413105757902645,0.03806327369952974,0.03788974699457525,0.03787667655843518,0.03397451203788379,0.04035443996511663,0.04656400847155906,0.043159103610494805,0.041713694021889694,0.03597790882403634,0.03145803345299549,0.02518676818420197,0.018916306765137787
66,5087,0.004049587999596203,0.001152550418536309,0.0004000917040224329,0.0,0.0003080450575772436,0.00017687159065123942,0.002427744605752974,0.011537904620678422,0.016452621673061243,0.02200938039223173,0.02419803366111446,0.031577678880912584,0.0326510281609493,0.02703016960041766,0.02672250828951585,0.023095107141292717,0.022825959659287326,0.029287633890659952,0.0257542506713449,0.02122943159530732,0.02318849707044312,0.02052553904005819,0.016717688757394288,0.015154700796347934
67,5088,0.004622726705138028,0.0010124769847629604,0.0002975616889079299,3.7011041646797456e-05,0.00027752993493108057,0.0002505102458973129,0.0019020239790077593,0.010981221045476967,0.02107199713450476,0.021988571657010222,0.028852591959437582,0.031429826114100695,0.03420882624254638,0.027972885122509606,0.029839395573198972,0.02210488293785432,0.030108376059411916,0.0323471809437414,0.027000156968257822,0.022570303776039757,0.022574068667406376,0.025439496580293583,0.017941727440500342,0.013946832854897912
68,5089,0.0005939508676596811,0.00023477585499483554,0.00026503741240008465,1.2125842973089517e-05,6.330415223164811e-06,2.916155821983927e-06,0.0007616447558418315,0.0034897133418063794,0.006065647127309676,0.005384126081086109,0.005542821586044218,0.00435337794914573,0.006541964742245767,0.005432163856408915,0.0065754369573092645,0.007170978846690468,0.005740878143139973,0.008889507086033616,0.0076713718906492225,0.008003355901477683,0.008110663995259042,0.00639641747139446,0.005565067543702905,0.0030895324493920282
69,5090,0.000315357902194057,0.0001995166927656798,0.0001738790309207468,0.0,0.0,7.946251330017082e-06,0.0007613135552024529,0.0024464857059194015,0.004002258018957202,0.0028543558821182264,0.0030549195661469727,0.003434071164667658,0.00488775878588645,0.004139361425627074,0.005173043647056688,0.00561632835916181,0.003996966051601334,0.007977158755455734,0.005235817194233652,0.006281811070420743,0.006865488443778167,0.003973673265869306,0.0033731707677542595,0.0027517871270149657
70,5198,0.002969369953754947,0.0009805658162094003,4.760151203544607e-05,8.160408685316896e-05,1.5050465258984324e-05,0.0001606612979371002,0.0016663674432277197,0.016064997342903155,0.022060879266560925,0.02112730466989536,0.02538834720314049,0.026470504086244226,0.022373185044872925,0.023116574999188188,0.026446311353969507,0.042378151390193186,0.03093817514601353,0.030151919694383602,0.02698202582730433,0.03450755682356765,0.02856718865400067,0.018323010411894918,0.01303222866600912,0.008580193487074478
71,5199,0.007905903513764355,0.0012796238882606013,0.0005189914947041315,0.00021931174904373153,0.0002802148867797197,0.0004519284985421738,0.003153648687674476,0.020871709111316947,0.03182156765453934,0.02960109863363029,0.030062541453757367,0.029127298260389668,0.034752946242222374,0.03746745180141891,0.03308991571996591,0.03450572375504428,0.031862458774122165,0.03398669479148447,0.02945377219010986,0.0369103442319084,0.034212517363360284,0.032621693396929795,0.024340529915814466,0.010136986907551783
72,5200,0.04583560531237131,0.01201263749330996,0.005990900816919304,0.005433557258857444,0.0008091643515386528,0.0005918786545061393,0.020181763438907575,0.22090635734041958,0.34601144338434026,0.49331736965813755,0.6169866095200629,0.8110650488249714,0.7122135246864798,0.6300234753499528,0.6069279232600707,0.6073345335607714,0.6512922543358113,0.7783743983225788,0.6141335651016497,0.4134285152211232,0.341034007967545,0.4465951111129619,0.31961601102644893,0.25467586793959096
73,5201,0.05403301638413646,0.02671074945589684,0.013699755594482018,0.010416898346274194,0.007599413611021045,0.018663486737489556,0.025606973990159203,0.16708032689509783,0.2565791453960415,0.2673813006937482,0.2850166162674897,0.2713566009298714,0.30990397106104584,0.33815532197021214,0.24673549780427675,0.34129754168336346,0.30716948599873856,0.3391783725191734,0.26365950557974177,0.3331550411718083,0.22886652859835582,0.2260709233302038,0.20256574639061695,0.16451628249536376
74,5202,0.007690143833817982,0.000628112698370841,0.0002535706045140604,0.001188995010222635,0.0,0.00019761492635100806,0.0027061753921196114,0.027337058423267488,0.04313956216173297,0.03603924894163571,0.03751687479454152,0.0627672664711671,0.07725864889137773,0.05168375426331836,0.046669592703444965,0.03419390435511399,0.07785794737854816,0.06344459691731347,0.0453376277481863,0.03546093806606761,0.04315958100394659,0.03868849069377442,0.03432023853346877,0.02358207377833537
75,5203,0.005173679420772989,0.0005796441937866564,0.00026058136919946746,2.9207392916729338e-05,0.0,0.00030310676740993826,0.002935164052315703,0.010293493771359973,0.015422868669934019,0.01924411562624267,0.024039096678233753,0.027075565447560505,0.026896348043544297,0.024196949069316232,0.024032245510316533,0.02096291126779154,0.023452267985821732,0.02973448146439628,0.03143058207197201,0.029338014693780105,0.02448448970923521,0.021370550609533034,0.0193469093646714,0.0156321690002969
76,5204,0.004313043982012614,0.001180000583245211,0.0006030001686550433,6.175809366947262e-05,0.0,0.00047386035158343174,0.004085790897813582,0.016167209666824674,0.02007933890045517,0.02339440991040681,0.0299115918729629,0.036613154413234025,0.032869526904995984,0.03437399290367741,0.03199532699232309,0.027920618136377678,0.03095535198721793,0.0385616786578791,0.03829120153054031,0.0385082090072163,0.032051946850211066,0.025088257546907466,0.025637692173022076,0.01781974717906948
77,5205,0.005606654471885638,0.0015426050883050096,0.00016325550739215095,6.884086430582923e-05,0.00040290536982484203,0.0010029583278441875,0.0024655558052243667,0.025430498483890788,0.029577817503320166,0.033663220056656666,0.044749853047442764,0.04124253304749765,0.04349889385116276,0.04097655046659428,0.04293102539196052,0.03982797846841304,0.04538857818616762,0.05045937867834915,0.04381364386663084,0.039607551476525796,0.034224128361805196,0.03575817593408153,0.03159731746976021,0.020762171365247585
78,5206,0.0006209161858662096,0.00020798703255755442,0.0002725821950059009,1.5933963026079551e-06,2.9552520774304984e-05,5.2597724364142925e-05,0.0005670632597860789,0.003979034668310481,0.005808445820296288,0.005955850317474471,0.005777690097663069,0.0050836246332870766,0.007287384686119948,0.005640309957914423,0.005368671039947703,0.006579419509181657,0.005220564160575658,0.008087955032507348,0.00669929382404803,0.007192201860943937,0.007010842202543105,0.004833908572320182,0.004450004105030528,0.0020997631331811945
79,5207,0.0009309732529140882,0.00014307653017424523,0.0001976461689409861,4.954527387941692e-06,5.604986164895851e-06,8.601245554118784e-05,0.0007732510436603222,0.002226416086665582,0.0035855436049180545,0.003676031477672513,0.003514584579504052,0.002294642851519297,0.0038870805164567743,0.0034372373386946735,0.0035334191474930064,0.0039248197511677655,0.00247579336145284,0.0045466605006323525,0.004019946604025628,0.0051922253294333885,0.00699512410780784,0.002855102310175582,0.0032363044047883445,0.0014172578710962744
80,5315,0.003376084584828728,0.0008577071070308776,9.165010166789045e-05,0.0002071652788098952,0.0001062425515396253,0.0002338439875745666,0.00193999353864512,0.009602345560035029,0.01055444527123912,0.015542781443197736,0.019420788651687098,0.014396764664446771,0.015286656635936171,0.016693114458185197,0.020277413928647334,0.031351300077599356,0.02104028850219269,0.020051866013913063,0.02183276776133748,0.022178481325198517,0.019041465835038525,0.01524824099304797,0.012146438668521857,0.004725130541216756
81,5316,0.006175800727654594,0.0003429301809182854,3.52154877121508e-05,3.827925413981819e-05,0.00014377348205277813,0.00012079172150877748,0.005093098349517358,0.005261144720586434,0.011439738006248774,0.01644157095910429,0.019082445533376208,0.014929366572828518,0.016453298779276097,0.020253766709033675,0.043998265109189305,0.017616270078484045,0.03394040480572693,0.029905840202035013,0.024919140727631284,0.017812271879547054,0.028343210733878275,0.03403316758124586,0.02328266335283657,0.008649990088109221
82,5317,0.028719620048080305,0.003194675262662594,0.0010578439864861449,0.00066169163268198,0.0015162878281958726,0.00014796097863074134,0.009487279618586236,0.06889734882372668,0.13866635328619945,0.16898163552413825,0.11831444370721908,0.10873204594018349,0.13843895863224925,0.1292554044105272,0.1233919589417559,0.12010346482684606,0.13793604101431015,0.12873798432979514,0.12680732787643048,0.13100308285989323,0.10418232985312646,0.11814348407835389,0.09357261015858577,0.05741624515557856
83,5318,0.01253377869251893,0.0012490819091504864,0.0007802935027720647,0.0020531936799000616,0.0006662317888608947,0.0069522168541885886,0.012460926017794706,0.07647057916497076,0.10000934660506493,0.1349169447604905,0.09202888172280414,0.11164220645622283,0.13076849834038315,0.10356946476005711,0.10006525248245213,0.0833338855488352,0.12665933707946614,0.08655034793734152,0.1875580511540543,0.09354576335151764,0.0744405093112376,0.09939339751908502,0.08317586882892462,0.05771387139173409
84,5319,0.007854629424203789,0.0001297620853027902,9.852834252486024e-05,0.0025230743973171928,0.0,0.00021039201462430237,0.001511727811325567,0.017149601615904557,0.020604420356537954,0.02276746563526045,0.023909635376264542,0.02575893364129824,0.03655591346139189,0.03347607187873375,0.020918182557406684,0.015878690923789233,0.02674403143113617,0.028746848448512333,0.024892413338722216,0.026444311858131366,0.02908535447234174,0.028957721884746074,0.013392108090148971,0.017202077213725228
85,5320,0.004186689080248106,0.00040500657977156086,1.0438822698767476e-05,7.82911702407558e-06,5.871837768056637e-06,0.0002591261899870664,0.0014335515605189153,0.013920629301768935,0.01261257540515685,0.013089708918044559,0.018288826435758875,0.020545339748310805,0.019535295886040034,0.017804138988390148,0.0192375922489042,0.01596784208663547,0.020898144728174927,0.022077992582219715,0.02285359896867268,0.03010533098088572,0.018202096137708505,0.015463904971498068,0.020937398238758804,0.013445347575784222
86,5321,0.0005960204783041581,0.0002046968538232851,0.00011980504451729516,9.021857313157773e-05,6.600776579446157e-05,0.00024695298094833026,0.00039024569343001225,0.0038683807899912363,0.005812115429035892,0.006740015796230055,0.012496077857994453,0.013716012015444638,0.012029311713654607,0.00928483050819837,0.011646325554550627,0.010094149396153494,0.01133917294442484,0.010843132004332137,0.008130805714251843,0.008280061991764122,0.0074642416552211915,0.0052157175633706886,0.007629874818612479,0.003220217397605142
87,5322,0.0014793883639462558,0.00023940394694779485,0.00011284898654337106,0.00018067169463140055,5.2132452022384165e-05,0.00010029279877140524,0.0016441065034372843,0.006855155134267605,0.012747425464215253,0.010695269292622173,0.014269914230141902,0.014524850519660409,0.014971245644530133,0.009772326131402321,0.010799941171355664,0.011933668007668439,0.012647112406352627,0.012956672570778434,0.01598872698196184,0.009565163651233072,0.009697897726869182,0.009047075286559226,0.006414999816302935,0.0025878139508033675
88,5323,0.0010334249841784176,0.0,0.00017275335995748135,0.0001608369418801561,0.00012482236520328105,5.066538348723097e-06,0.001192593847467463,0.0051751438183859294,0.004502928033216668,0.008624692266235532,0.006650519335107282,0.00528020493270518,0.006779664123822994,0.0070921082763640755,0.00816787977651782,0.006805516969152504,0.006060476382565578,0.008041133534454183,0.0076748431789530995,0.010101826022160438,0.006561788142136408,0.004952280568426257,0.005809644690870024,0.0016661440626752123
89,5324,0.0010606899153001385,0.0,0.00013444737855948933,0.0001416008760400628,0.0001342861230686148,6.243114318706466e-05,0.0014290054815322766,0.00474307990663654,0.004711711269599073,0.008672934675391696,0.006512249757423993,0.0052704179337750515,0.0065399485742655,0.006562229940050774,0.008313578316775453,0.006534809319342094,0.005688288437365253,0.007928215582932841,0.007024461469422095,0.009240012839673984,0.007457777994473423,0.004060445807989889,0.005440962236851355,0.0017672186069992305
90,5432,0.0018969136176854404,7.037032696832816e-05,4.210569653191151e-05,0.00022535773709204265,0.003941787710870979,5.49998596081487e-06,0.0017606742933607932,0.006207102999532918,0.00905462663756968,0.013947470294062767,0.010926467421667594,0.01463878807174085,0.014778591528754215,0.016830462309866037,0.01969932827053787,0.019085538845262578,0.020460481090331932,0.031486062308300554,0.02382209636678227,0.016412172729225166,0.016186871224154686,0.015044293422406204,0.012373728093978775,0.009152403012470011
91,5433,0.0070626948094646945,0.0015371390344658409,0.0010764689168925037,0.000853155365582783,0.0008871985607492298,0.0014572048103616499,0.0038048414198866426,0.018880592996956835,0.020723995312753984,0.02717104468663526,0.021552051237050757,0.039003837745207014,0.020349896168273394,0.029530319350452305,0.02190435942084949,0.02887694610948409,0.03694530152063335,0.03194871250688055,0.029203263388953956,0.031627105149295114,0.022196741189664495,0.020508420688684158,0.015239940864057363,0.006614604179801459
92,5434,0.014321824106568673,0.010571023864227166,0.010419001662855577,0.009509968889798756,0.008582443762800842,0.009442965878484581,0.01772244167516512,0.055848750872571365,0.12007878080323565,0.17066399535926047,0.9999999999999999,0.13816868691259632,0.1488813422801157,0.1411934704298836,0.133387078382783,0.1938959086131928,0.14877486344202304,0.16916852240856098,0.1568950750183809,0.0881298415207217,0.08329702111097925,0.06713666608304264,0.05572959480591669,0.03689397849352827
93,5435,0.00597499536412489,0.0007361614552798149,0.0009195072369641111,0.0005851319470611285,0.0012202882613489066,0.00028549666215045935,0.0063158473337800725,0.019808104623982952,0.03655523146930666,0.03321951123549302,0.050149593899506725,0.047150000688192015,0.04419271402245711,0.03917189297568278,0.03758867403638233,0.05579113920248033,0.04523767083779403,0.049481116206008625,0.06413844197311455,0.032037699368721397,0.03543519472622762,0.035431668316420466,0.033313383124434076,0.019087383760770918
94,5436,0.0028520366758878687,0.0006245350377652588,1.4538484455715568e-05,2.058940357432256e-05,0.00028511520495746453,7.2636366041159914e-06,0.0021900279137535435,0.010221361083080822,0.01875149451807102,0.01814438484529189,0.016064209017949208,0.020880306300921556,0.017713922219976058,0.030636022844263713,0.019595226344308922,0.021746291126031516,0.022318977807514215,0.02667132165797832,0.023482561192745315,0.017126383388886446,0.02076602051908474,0.02069206316151306,0.023766312146270174,0.012730723493441367
95,5437,0.0036825843070515058,0.0007434535594473193,6.97342183643807e-05,8.509713138073653e-05,6.823777655324476e-06,0.0004369496436666883,0.0028136009615426618,0.017178958243071606,0.016433344917066044,0.015943933594245986,0.02268805512220775,0.025104838765642897,0.022381817758767023,0.02183325397522119,0.020350401361250145,0.01902376275676896,0.023989425334069257,0.024872427753469463,0.030954650474178953,0.0361878428393406,0.023111110995565138,0.01939504084087035,0.02271034653422154,0.012438896686118032
96,5438,0.003227214670457758,0.00036647083937475826,0.00013046088201576242,2.8414057597401305e-05,0.0,0.0002908037871129347,0.001884563265204839,0.010195005706435204,0.012199806257026321,0.012511550824721256,0.018176128470989483,0.0184630391523107,0.016056772071672765,0.017593287681155596,0.01923558512783919,0.01674469992448721,0.019820014353573875,0.022062209328140275,0.025452631015723908,0.026950742923880857,0.018032257536210985,0.016150373381804143,0.018983819718053768,0.010579625607327958
97,5439,0.0005329725340164497,1.133980381622663e-05,0.00010610152755338918,0.00015730091466275645,9.334289658979796e-05,5.556150005168128e-06,0.0011830902995165942,0.004665014469752708,0.004953842740537118,0.00735064573580249,0.005827897027626671,0.0050928532932684725,0.006538220033260638,0.006657617912362613,0.008529721042253975,0.007222394597393795,0.0068229456478603075,0.007889196710178712,0.007288110197947791,0.008865570356217359,0.0061672880015996275,0.004186495629253821,0.006064958087818881,0.001457274604937009
98,5440,0.0007655923125048816,2.2134928366611083e-05,0.00016422854246372318,0.00017756687225775573,0.00014633640874954834,2.032193731239467e-06,0.0011969618748594237,0.005367952307980293,0.004862692985668419,0.00923286743096323,0.007501271124991661,0.005988764306859645,0.007154434834402875,0.00756471869070053,0.009065019749283504,0.0073432180410782436,0.006706557609495373,0.00905706638167504,0.008048347265289595,0.010627889602223762,0.006996605690042486,0.004911473603604422,0.0067319366521537876,0.00186529337999687
99,5441,0.0010370310821690245,3.9313724338616676e-05,0.00021891625299305466,0.00017335862526221625,0.00016079554782034202,1.8717826697588126e-05,0.0011175335630302533,0.005193107173036624,0.004622764648757469,0.008515561203066126,0.006587616185256774,0.005192477424496039,0.006438888771503743,0.006574361383029857,0.00770087885838375,0.006396242970588027,0.006055013502495938,0.007759854025881307,0.007147128880125516,0.00957498954612555,0.00604586420914801,0.004324540216941653,0.0053066307960064835,0.0016643794111090978
